{
	"start":	{
		"connected":	[{
				"socket":	5,
				"local_host":	"10.206.0.11",
				"local_port":	60922,
				"remote_host":	"10.206.0.12",
				"remote_port":	5201
			}],
		"version":	"iperf 3.16",
		"system_info":	"Linux VM-0-11-ubuntu 6.8.0-71-generic #71-Ubuntu SMP PREEMPT_DYNAMIC Tue Jul 22 16:52:38 UTC 2025 x86_64",
		"timestamp":	{
			"time":	"Tue, 30 Dec 2025 12:26:38 GMT",
			"timesecs":	1767097598
		},
		"connecting_to":	{
			"host":	"10.206.0.12",
			"port":	5201
		},
		"cookie":	"7rhq46jn4omguk67ykqqp2graeioatmfi6ah",
		"tcp_mss_default":	1412,
		"target_bitrate":	0,
		"fq_rate":	0,
		"sock_bufsize":	0,
		"sndbuf_actual":	16384,
		"rcvbuf_actual":	131072,
		"test_start":	{
			"protocol":	"TCP",
			"num_streams":	1,
			"blksize":	131072,
			"omit":	0,
			"duration":	10,
			"bytes":	0,
			"blocks":	0,
			"reverse":	0,
			"tos":	0,
			"target_bitrate":	0,
			"bidir":	0,
			"fqrate":	0
		}
	},
	"intervals":	[{
			"streams":	[{
					"socket":	5,
					"start":	0,
					"end":	1.001029,
					"seconds":	1.0010290145874023,
					"bytes":	7995392,
					"bits_per_second":	63897384.659088939,
					"retransmits":	0,
					"snd_cwnd":	337468,
					"snd_wnd":	1344896,
					"rtt":	45257,
					"rttvar":	3339,
					"pmtu":	1500,
					"omitted":	false,
					"sender":	true
				}],
			"sum":	{
				"start":	0,
				"end":	1.001029,
				"seconds":	1.0010290145874023,
				"bytes":	7995392,
				"bits_per_second":	63897384.659088939,
				"retransmits":	0,
				"omitted":	false,
				"sender":	true
			}
		}, {
			"streams":	[{
					"socket":	5,
					"start":	1.001029,
					"end":	2.001043,
					"seconds":	1.0000139474868774,
					"bytes":	7208960,
					"bits_per_second":	57670875.636218853,
					"retransmits":	0,
					"snd_cwnd":	635400,
					"snd_wnd":	1441408,
					"rtt":	93337,
					"rttvar":	6225,
					"pmtu":	1500,
					"omitted":	false,
					"sender":	true
				}],
			"sum":	{
				"start":	1.001029,
				"end":	2.001043,
				"seconds":	1.0000139474868774,
				"bytes":	7208960,
				"bits_per_second":	57670875.636218853,
				"retransmits":	0,
				"omitted":	false,
				"sender":	true
			}
		}, {
			"streams":	[{
					"socket":	5,
					"start":	2.001043,
					"end":	3.001031,
					"seconds":	0.9999880194664,
					"bytes":	5767168,
					"bits_per_second":	46137896.756622322,
					"retransmits":	0,
					"snd_cwnd":	934744,
					"snd_wnd":	1870976,
					"rtt":	139852,
					"rttvar":	2834,
					"pmtu":	1500,
					"omitted":	false,
					"sender":	true
				}],
			"sum":	{
				"start":	2.001043,
				"end":	3.001031,
				"seconds":	0.9999880194664,
				"bytes":	5767168,
				"bits_per_second":	46137896.756622322,
				"retransmits":	0,
				"omitted":	false,
				"sender":	true
			}
		}, {
			"streams":	[{
					"socket":	5,
					"start":	3.001031,
					"end":	4.00105,
					"seconds":	1.0000189542770386,
					"bytes":	5636096,
					"bits_per_second":	45087913.3911985,
					"retransmits":	0,
					"snd_cwnd":	1232676,
					"snd_wnd":	2685952,
					"rtt":	186945,
					"rttvar":	5470,
					"pmtu":	1500,
					"omitted":	false,
					"sender":	true
				}],
			"sum":	{
				"start":	3.001031,
				"end":	4.00105,
				"seconds":	1.0000189542770386,
				"bytes":	5636096,
				"bits_per_second":	45087913.3911985,
				"retransmits":	0,
				"omitted":	false,
				"sender":	true
			}
		}, {
			"streams":	[{
					"socket":	5,
					"start":	4.00105,
					"end":	5.001042,
					"seconds":	0.9999920129776,
					"bytes":	7208960,
					"bits_per_second":	57672140.628679052,
					"retransmits":	0,
					"snd_cwnd":	1532020,
					"snd_wnd":	3592832,
					"rtt":	236267,
					"rttvar":	4869,
					"pmtu":	1500,
					"omitted":	false,
					"sender":	true
				}],
			"sum":	{
				"start":	4.00105,
				"end":	5.001042,
				"seconds":	0.9999920129776,
				"bytes":	7208960,
				"bits_per_second":	57672140.628679052,
				"retransmits":	0,
				"omitted":	false,
				"sender":	true
			}
		}, {
			"streams":	[{
					"socket":	5,
					"start":	5.001042,
					"end":	6.001041,
					"seconds":	0.99999898672103882,
					"bytes":	5767168,
					"bits_per_second":	46137390.750047371,
					"retransmits":	0,
					"snd_cwnd":	1831364,
					"snd_wnd":	3852928,
					"rtt":	281773,
					"rttvar":	1966,
					"pmtu":	1500,
					"omitted":	false,
					"sender":	true
				}],
			"sum":	{
				"start":	5.001042,
				"end":	6.001041,
				"seconds":	0.99999898672103882,
				"bytes":	5767168,
				"bits_per_second":	46137390.750047371,
				"retransmits":	0,
				"omitted":	false,
				"sender":	true
			}
		}, {
			"streams":	[{
					"socket":	5,
					"start":	6.001041,
					"end":	7.001031,
					"seconds":	0.99998998641967773,
					"bytes":	5636096,
					"bits_per_second":	45089219.504521176,
					"retransmits":	0,
					"snd_cwnd":	2126472,
					"snd_wnd":	4461952,
					"rtt":	330419,
					"rttvar":	6673,
					"pmtu":	1500,
					"omitted":	false,
					"sender":	true
				}],
			"sum":	{
				"start":	6.001041,
				"end":	7.001031,
				"seconds":	0.99998998641967773,
				"bytes":	5636096,
				"bits_per_second":	45089219.504521176,
				"retransmits":	0,
				"omitted":	false,
				"sender":	true
			}
		}, {
			"streams":	[{
					"socket":	5,
					"start":	7.001031,
					"end":	8.001034,
					"seconds":	1.0000029802322388,
					"bytes":	4456448,
					"bits_per_second":	35651477.75031665,
					"retransmits":	581,
					"snd_cwnd":	1101360,
					"snd_wnd":	4156160,
					"rtt":	184234,
					"rttvar":	17795,
					"pmtu":	1500,
					"omitted":	false,
					"sender":	true
				}],
			"sum":	{
				"start":	7.001031,
				"end":	8.001034,
				"seconds":	1.0000029802322388,
				"bytes":	4456448,
				"bits_per_second":	35651477.75031665,
				"retransmits":	581,
				"omitted":	false,
				"sender":	true
			}
		}, {
			"streams":	[{
					"socket":	5,
					"start":	8.001034,
					"end":	9.001025,
					"seconds":	0.999990999698639,
					"bytes":	7208960,
					"bits_per_second":	57672199.06717176,
					"retransmits":	897,
					"snd_cwnd":	199092,
					"snd_wnd":	4880128,
					"rtt":	32359,
					"rttvar":	531,
					"pmtu":	1500,
					"omitted":	false,
					"sender":	true
				}],
			"sum":	{
				"start":	8.001034,
				"end":	9.001025,
				"seconds":	0.999990999698639,
				"bytes":	7208960,
				"bits_per_second":	57672199.06717176,
				"retransmits":	897,
				"omitted":	false,
				"sender":	true
			}
		}, {
			"streams":	[{
					"socket":	5,
					"start":	9.001025,
					"end":	10.001493,
					"seconds":	1.0004680156707764,
					"bytes":	5767168,
					"bits_per_second":	46115761.1011349,
					"retransmits":	0,
					"snd_cwnd":	218860,
					"snd_wnd":	4880512,
					"rtt":	32628,
					"rttvar":	13,
					"pmtu":	1500,
					"omitted":	false,
					"sender":	true
				}],
			"sum":	{
				"start":	9.001025,
				"end":	10.001493,
				"seconds":	1.0004680156707764,
				"bytes":	5767168,
				"bits_per_second":	46115761.1011349,
				"retransmits":	0,
				"omitted":	false,
				"sender":	true
			}
		}],
	"end":	{
		"streams":	[{
				"sender":	{
					"socket":	5,
					"start":	0,
					"end":	10.001493,
					"seconds":	10.001493,
					"bytes":	62652416,
					"bits_per_second":	50114450.712508626,
					"retransmits":	1478,
					"max_snd_cwnd":	2126472,
					"max_snd_wnd":	4880512,
					"max_rtt":	330419,
					"min_rtt":	32359,
					"mean_rtt":	156307,
					"sender":	true
				},
				"receiver":	{
					"socket":	5,
					"start":	0,
					"end":	10.040387,
					"seconds":	10.001493,
					"bytes":	59899904,
					"bits_per_second":	47727167.488663532,
					"sender":	true
				}
			}],
		"sum_sent":	{
			"start":	0,
			"end":	10.001493,
			"seconds":	10.001493,
			"bytes":	62652416,
			"bits_per_second":	50114450.712508626,
			"retransmits":	1478,
			"sender":	true
		},
		"sum_received":	{
			"start":	0,
			"end":	10.040387,
			"seconds":	10.040387,
			"bytes":	59899904,
			"bits_per_second":	47727167.488663532,
			"sender":	true
		},
		"cpu_utilization_percent":	{
			"host_total":	0.15263532364077037,
			"host_user":	0.0097971323793525633,
			"host_system":	0.14284818833527427,