{
	"start":	{
		"connected":	[{
				"socket":	5,
				"local_host":	"10.206.0.11",
				"local_port":	58064,
				"remote_host":	"10.206.0.12",
				"remote_port":	5201
			}],
		"version":	"iperf 3.16",
		"system_info":	"Linux VM-0-11-ubuntu 6.8.0-71-generic #71-Ubuntu SMP PREEMPT_DYNAMIC Tue Jul 22 16:52:38 UTC 2025 x86_64",
		"timestamp":	{
			"time":	"Tue, 30 Dec 2025 12:25:47 GMT",
			"timesecs":	1767097547
		},
		"connecting_to":	{
			"host":	"10.206.0.12",
			"port":	5201
		},
		"cookie":	"tmxxqxsjiji7r4t6c3r5dr4nhwcda3coup7k",
		"tcp_mss_default":	1412,
		"target_bitrate":	0,
		"fq_rate":	0,
		"sock_bufsize":	0,
		"sndbuf_actual":	16384,
		"rcvbuf_actual":	131072,
		"test_start":	{
			"protocol":	"TCP",
			"num_streams":	1,
			"blksize":	131072,
			"omit":	0,
			"duration":	10,
			"bytes":	0,
			"blocks":	0,
			"reverse":	0,
			"tos":	0,
			"target_bitrate":	0,
			"bidir":	0,
			"fqrate":	0
		}
	},
	"intervals":	[{
			"streams":	[{
					"socket":	5,
					"start":	0,
					"end":	1.001032,
					"seconds":	1.0010319948196411,
					"bytes":	2883584,
					"bits_per_second":	23044889.7931143,
					"retransmits":	0,
					"snd_cwnd":	552092,
					"snd_wnd":	797952,
					"rtt":	295443,
					"rttvar":	201255,
					"pmtu":	1500,
					"omitted":	false,
					"sender":	true
				}],
			"sum":	{
				"start":	0,
				"end":	1.001032,
				"seconds":	1.0010319948196411,
				"bytes":	2883584,
				"bits_per_second":	23044889.7931143,
				"retransmits":	0,
				"omitted":	false,
				"sender":	true
			}
		}, {
			"streams":	[{
					"socket":	5,
					"start":	1.001032,
					"end":	2.000373,
					"seconds":	0.99934101104736328,
					"bytes":	1441792,
					"bits_per_second":	11541942.012278065,
					"retransmits":	0,
					"snd_cwnd":	1006756,
					"snd_wnd":	1346688,
					"rtt":	612919,
					"rttvar":	330264,
					"pmtu":	1500,
					"omitted":	false,
					"sender":	true
				}],
			"sum":	{
				"start":	1.001032,
				"end":	2.000373,
				"seconds":	0.99934101104736328,
				"bytes":	1441792,
				"bits_per_second":	11541942.012278065,
				"retransmits":	0,
				"omitted":	false,
				"sender":	true
			}
		}, {
			"streams":	[{
					"socket":	5,
					"start":	2.000373,
					"end":	3.001051,
					"seconds":	1.0006779432296753,
					"bytes":	0,
					"bits_per_second":	0,
					"retransmits":	0,
					"snd_cwnd":	1337164,
					"snd_wnd":	1569152,
					"rtt":	1024527,
					"rttvar":	465978,
					"pmtu":	1500,
					"omitted":	false,
					"sender":	true
				}],
			"sum":	{
				"start":	2.000373,
				"end":	3.001051,
				"seconds":	1.0006779432296753,
				"bytes":	0,
				"bits_per_second":	0,
				"retransmits":	0,
				"omitted":	false,
				"sender":	true
			}
		}, {
			"streams":	[{
					"socket":	5,
					"start":	3.001051,
					"end":	4.001037,
					"seconds":	0.99998599290847778,
					"bytes":	1441792,
					"bits_per_second":	11534497.564763052,
					"retransmits":	0,
					"snd_cwnd":	1363992,
					"snd_wnd":	1755648,
					"rtt":	1544771,
					"rttvar":	523244,
					"pmtu":	1500,
					"omitted":	false,
					"sender":	true
				}],
			"sum":	{
				"start":	3.001051,
				"end":	4.001037,
				"seconds":	0.99998599290847778,
				"bytes":	1441792,
				"bits_per_second":	11534497.564763052,
				"retransmits":	0,
				"omitted":	false,
				"sender":	true
			}
		}, {
			"streams":	[{
					"socket":	5,
					"start":	4.001037,
					"end":	5.001042,
					"seconds":	1.0000050067901611,
					"bytes":	0,
					"bits_per_second":	0,
					"retransmits":	0,
					"snd_cwnd":	1386584,
					"snd_wnd":	2259584,
					"rtt":	2055004,
					"rttvar":	496586,
					"pmtu":	1500,
					"omitted":	false,
					"sender":	true
				}],
			"sum":	{
				"start":	4.001037,
				"end":	5.001042,
				"seconds":	1.0000050067901611,
				"bytes":	0,
				"bits_per_second":	0,
				"retransmits":	0,
				"omitted":	false,
				"sender":	true
			}
		}, {
			"streams":	[{
					"socket":	5,
					"start":	5.001042,
					"end":	6.00104,
					"seconds":	0.99999797344207764,
					"bytes":	0,
					"bits_per_second":	0,
					"retransmits":	0,
					"snd_cwnd":	1409176,
					"snd_wnd":	2577152,
					"rtt":	2442503,
					"rttvar":	415485,
					"pmtu":	1500,
					"omitted":	false,
					"sender":	true
				}],
			"sum":	{
				"start":	5.001042,
				"end":	6.00104,
				"seconds":	0.99999797344207764,
				"bytes":	0,
				"bits_per_second":	0,
				"retransmits":	0,
				"omitted":	false,
				"sender":	true
			}
		}, {
			"streams":	[{
					"socket":	5,
					"start":	6.00104,
					"end":	7.001051,
					"seconds":	1.0000109672546387,
					"bytes":	1441792,
					"bits_per_second":	11534209.501387343,
					"retransmits":	0,
					"snd_cwnd":	1434592,
					"snd_wnd":	2577152,
					"rtt":	2656560,
					"rttvar":	232006,
					"pmtu":	1500,
					"omitted":	false,
					"sender":	true
				}],
			"sum":	{
				"start":	6.00104,
				"end":	7.001051,
				"seconds":	1.0000109672546387,
				"bytes":	1441792,
				"bits_per_second":	11534209.501387343,
				"retransmits":	0,
				"omitted":	false,
				"sender":	true
			}
		}, {
			"streams":	[{
					"socket":	5,
					"start":	7.001051,
					"end":	8.001039,
					"seconds":	0.9999880194664,
					"bytes":	0,
					"bits_per_second":	0,
					"retransmits":	0,
					"snd_cwnd":	1457184,
					"snd_wnd":	3357056,
					"rtt":	2789031,
					"rttvar":	120609,
					"pmtu":	1500,
					"omitted":	false,
					"sender":	true
				}],
			"sum":	{
				"start":	7.001051,
				"end":	8.001039,
				"seconds":	0.9999880194664,
				"bytes":	0,
				"bits_per_second":	0,
				"retransmits":	0,
				"omitted":	false,
				"sender":	true
			}
		}, {
			"streams":	[{
					"socket":	5,
					"start":	8.001039,
					"end":	9.001037,
					"seconds":	0.99999797344207764,
					"bytes":	0,
					"bits_per_second":	0,
					"retransmits":	0,
					"snd_cwnd":	1479776,
					"snd_wnd":	4266368,
					"rtt":	2829725,
					"rttvar":	50836,
					"pmtu":	1500,
					"omitted":	false,
					"sender":	true
				}],
			"sum":	{
				"start":	8.001039,
				"end":	9.001037,
				"seconds":	0.99999797344207764,
				"bytes":	0,
				"bits_per_second":	0,
				"retransmits":	0,
				"omitted":	false,
				"sender":	true
			}
		}, {
			"streams":	[{
					"socket":	5,
					"start":	9.001037,
					"end":	10.001463,
					"seconds":	1.0004260540008545,
					"bytes":	1441792,
					"bits_per_second":	11529423.842844209,
					"retransmits":	0,
					"snd_cwnd":	1506604,
					"snd_wnd":	4880896,
					"rtt":	2892039,
					"rttvar":	85490,
					"pmtu":	1500,
					"omitted":	false,
					"sender":	true
				}],
			"sum":	{
				"start":	9.001037,
				"end":	10.001463,
				"seconds":	1.0004260540008545,
				"bytes":	1441792,
				"bits_per_second":	11529423.842844209,
				"retransmits":	0,
				"omitted":	false,
				"sender":	true
			}
		}],
	"end":	{
		"streams":	[{
				"sender":	{
					"socket":	5,
					"start":	0,
					"end":	10.001463,
					"seconds":	10.001463,
					"bytes":	8650752,
					"bits_per_second":	6919589.2640906638,
					"retransmits":	0,
					"max_snd_cwnd":	1506604,
					"max_snd_wnd":	4880896,
					"max_rtt":	2892039,
					"min_rtt":	295443,
					"mean_rtt":	1914252,
					"sender":	true
				},
				"receiver":	{
					"socket":	5,
					"start":	0,
					"end":	13.251657,
					"seconds":	10.001463,
					"bytes":	6291456,
					"bits_per_second":	3798139.9609120581,
					"sender":	true
				}
			}],
		"sum_sent":	{
			"start":	0,
			"end":	10.001463,
			"seconds":	10.001463,
			"bytes":	8650752,
			"bits_per_second":	6919589.2640906638,
			"retransmits":	0,
			"sender":	true
		},
		"sum_received":	{
			"start":	0,
			"end":	13.251657,
			"seconds":	13.251657,
			"bytes":	6291456,
			"bits_per_second":	3798139.9609120581,
			"sender":	true
		},
		"cpu_utilization_percent":	{
			"host_total":	0.040168351178158333,
			"host_user":	0,
			"host_system":	0.0401783482789991,
			"remote_total":	0.03430511540132155,
			"remote_user":	0,
			"remote_system":	0.034297569181479644
		},
		"sender_tcp_congestion":	"cubic",
		"receiver_tcp_congestion":	"cubic"
	}
}
