{
	"start":	{
		"connected":	[{
				"socket":	5,
				"local_host":	"10.206.0.11",
				"local_port":	54400,
				"remote_host":	"10.206.0.12",
				"remote_port":	5201
			}],
		"version":	"iperf 3.16",
		"system_info":	"Linux VM-0-11-ubuntu 6.8.0-71-generic #71-Ubuntu SMP PREEMPT_DYNAMIC Tue Jul 22 16:52:38 UTC 2025 x86_64",
		"timestamp":	{
			"time":	"Tue, 30 Dec 2025 12:26:13 GMT",
			"timesecs":	1767097573
		},
		"connecting_to":	{
			"host":	"10.206.0.12",
			"port":	5201
		},
		"cookie":	"eqp64562xoxn3eqehjz5zsg3jfabybfqmpn6",
		"tcp_mss_default":	1412,
		"target_bitrate":	0,
		"fq_rate":	0,
		"sock_bufsize":	0,
		"sndbuf_actual":	16384,
		"rcvbuf_actual":	131072,
		"test_start":	{
			"protocol":	"TCP",
			"num_streams":	1,
			"blksize":	131072,
			"omit":	0,
			"duration":	10,
			"bytes":	0,
			"blocks":	0,
			"reverse":	0,
			"tos":	0,
			"target_bitrate":	0,
			"bidir":	0,
			"fqrate":	0
		}
	},
	"intervals":	[{
			"streams":	[{
					"socket":	5,
					"start":	0,
					"end":	1.001031,
					"seconds":	1.0010310411453247,
					"bytes":	4194304,
					"bits_per_second":	33519871.633160211,
					"retransmits":	0,
					"snd_cwnd":	967220,
					"snd_wnd":	1711104,
					"rtt":	332633,
					"rttvar":	161408,
					"pmtu":	1500,
					"omitted":	false,
					"sender":	true
				}],
			"sum":	{
				"start":	0,
				"end":	1.001031,
				"seconds":	1.0010310411453247,
				"bytes":	4194304,
				"bits_per_second":	33519871.633160211,
				"retransmits":	0,
				"omitted":	false,
				"sender":	true
			}
		}, {
			"streams":	[{
					"socket":	5,
					"start":	1.001031,
					"end":	2.001033,
					"seconds":	1.0000020265579224,
					"bytes":	1310720,
					"bits_per_second":	10485738.750043064,
					"retransmits":	0,
					"snd_cwnd":	1029348,
					"snd_wnd":	1972480,
					"rtt":	738699,
					"rttvar":	111717,
					"pmtu":	1500,
					"omitted":	false,
					"sender":	true
				}],
			"sum":	{
				"start":	1.001031,
				"end":	2.001033,
				"seconds":	1.0000020265579224,
				"bytes":	1310720,
				"bits_per_second":	10485738.750043064,
				"retransmits":	0,
				"omitted":	false,
				"sender":	true
			}
		}, {
			"streams":	[{
					"socket":	5,
					"start":	2.001033,
					"end":	3.001032,
					"seconds":	0.99999898672103882,
					"bytes":	1441792,
					"bits_per_second":	11534347.687511843,
					"retransmits":	0,
					"snd_cwnd":	1087240,
					"snd_wnd":	4050944,
					"rtt":	811721,
					"rttvar":	10751,
					"pmtu":	1500,
					"omitted":	false,
					"sender":	true
				}],
			"sum":	{
				"start":	2.001033,
				"end":	3.001032,
				"seconds":	0.99999898672103882,
				"bytes":	1441792,
				"bits_per_second":	11534347.687511843,
				"retransmits":	0,
				"omitted":	false,
				"sender":	true
			}
		}, {
			"streams":	[{
					"socket":	5,
					"start":	3.001032,
					"end":	4.001028,
					"seconds":	0.9999960064888,
					"bytes":	1441792,
					"bits_per_second":	11534382.062683951,
					"retransmits":	0,
					"snd_cwnd":	1146544,
					"snd_wnd":	4545280,
					"rtt":	866419,
					"rttvar":	8005,
					"pmtu":	1500,
					"omitted":	false,
					"sender":	true
				}],
			"sum":	{
				"start":	3.001032,
				"end":	4.001028,
				"seconds":	0.9999960064888,
				"bytes":	1441792,
				"bits_per_second":	11534382.062683951,
				"retransmits":	0,
				"omitted":	false,
				"sender":	true
			}
		}, {
			"streams":	[{
					"socket":	5,
					"start":	4.001028,
					"end":	5.001025,
					"seconds":	0.99999701976776123,
					"bytes":	1441792,
					"bits_per_second":	11534370.375102445,
					"retransmits":	0,
					"snd_cwnd":	1207260,
					"snd_wnd":	4545280,
					"rtt":	919228,
					"rttvar":	10475,
					"pmtu":	1500,
					"omitted":	false,
					"sender":	true
				}],
			"sum":	{
				"start":	4.001028,
				"end":	5.001025,
				"seconds":	0.99999701976776123,
				"bytes":	1441792,
				"bits_per_second":	11534370.375102445,
				"retransmits":	0,
				"omitted":	false,
				"sender":	true
			}
		}, {
			"streams":	[{
					"socket":	5,
					"start":	5.001025,
					"end":	6.00103,
					"seconds":	1.0000050067901611,
					"bytes":	1441792,
					"bits_per_second":	11534278.25028914,
					"retransmits":	0,
					"snd_cwnd":	1266564,
					"snd_wnd":	4545280,
					"rtt":	970397,
					"rttvar":	15582,
					"pmtu":	1500,
					"omitted":	false,
					"sender":	true
				}],
			"sum":	{
				"start":	5.001025,
				"end":	6.00103,
				"seconds":	1.0000050067901611,
				"bytes":	1441792,
				"bits_per_second":	11534278.25028914,
				"retransmits":	0,
				"omitted":	false,
				"sender":	true
			}
		}, {
			"streams":	[{
					"socket":	5,
					"start":	6.00103,
					"end":	7.001028,
					"seconds":	0.99999797344207764,
					"bytes":	0,
					"bits_per_second":	0,
					"retransmits":	0,
					"snd_cwnd":	1328692,
					"snd_wnd":	4545280,
					"rtt":	1019826,
					"rttvar":	22337,
					"pmtu":	1500,
					"omitted":	false,
					"sender":	true
				}],
			"sum":	{
				"start":	6.00103,
				"end":	7.001028,
				"seconds":	0.99999797344207764,
				"bytes":	0,
				"bits_per_second":	0,
				"retransmits":	0,
				"omitted":	false,
				"sender":	true
			}
		}, {
			"streams":	[{
					"socket":	5,
					"start":	7.001028,
					"end":	8.001028,
					"seconds":	1,
					"bytes":	1441792,
					"bits_per_second":	11534336,
					"retransmits":	0,
					"snd_cwnd":	1386584,
					"snd_wnd":	4545280,
					"rtt":	1067984,
					"rttvar":	28972,
					"pmtu":	1500,
					"omitted":	false,
					"sender":	true
				}],
			"sum":	{
				"start":	7.001028,
				"end":	8.001028,
				"seconds":	1,
				"bytes":	1441792,
				"bits_per_second":	11534336,
				"retransmits":	0,
				"omitted":	false,
				"sender":	true
			}
		}, {
			"streams":	[{
					"socket":	5,
					"start":	8.001028,
					"end":	9.001028,
					"seconds":	1,
					"bytes":	1441792,
					"bits_per_second":	11534336,
					"retransmits":	0,
					"snd_cwnd":	1444476,
					"snd_wnd":	4545792,
					"rtt":	1112576,
					"rttvar":	33481,
					"pmtu":	1500,
					"omitted":	false,
					"sender":	true
				}],
			"sum":	{
				"start":	8.001028,
				"end":	9.001028,
				"seconds":	1,
				"bytes":	1441792,
				"bits_per_second":	11534336,
				"retransmits":	0,
				"omitted":	false,
				"sender":	true
			}
		}, {
			"streams":	[{
					"socket":	5,
					"start":	9.001028,
					"end":	10.001473,
					"seconds":	1.0004450082778931,
					"bytes":	1441792,
					"bits_per_second":	11529205.408155842,
					"retransmits":	0,
					"snd_cwnd":	1506604,
					"snd_wnd":	4545280,
					"rtt":	1157880,
					"rttvar":	31572,
					"pmtu":	1500,
					"omitted":	false,
					"sender":	true
				}],
			"sum":	{
				"start":	9.001028,
				"end":	10.001473,
				"seconds":	1.0004450082778931,
				"bytes":	1441792,
				"bits_per_second":	11529205.408155842,
				"retransmits":	0,
				"omitted":	false,
				"sender":	true
			}
		}],
	"end":	{
		"streams":	[{
				"sender":	{
					"socket":	5,
					"start":	0,
					"end":	10.001473,
					"seconds":	10.001473,
					"bytes":	15597568,
					"bits_per_second":	12476216.653286969,
					"retransmits":	0,
					"max_snd_cwnd":	1506604,
					"max_snd_wnd":	4545792,
					"max_rtt":	1157880,
					"min_rtt":	332633,
					"mean_rtt":	899736,
					"sender":	true
				},
				"receiver":	{
					"socket":	5,
					"start":	0,
					"end":	11.304941,
					"seconds":	10.001473,
					"bytes":	13369344,
					"bits_per_second":	9460885.4659214951,
					"sender":	true
				}
			}],
		"sum_sent":	{
			"start":	0,
			"end":	10.001473,
			"seconds":	10.001473,
			"bytes":	15597568,
			"bits_per_second":	12476216.653286969,
			"retransmits":	0,
			"sender":	true
		},
		"sum_received":	{
			"start":	0,
			"end":	11.304941,
			"seconds":	11.304941,
			"bytes":	13369344,
			"bits_per_second":	9460885.4659214951,
			"sender":	true
		},
		"cpu_utilization_percent":	{
			"host_total":	0.0555739724663407,
			"host_user":	0.00967720909289761,
			"host_system":	0.045916757607106111,
			"remote_total":	0.073374937527366332,
			"remote_user":	0,
			"remote_system":	0.0733837832100098
		},
		"sender_tcp_congestion":	"cubic",