{
	"start":	{
		"connected":	[{
				"socket":	5,
				"local_host":	"10.206.0.11",
				"local_port":	57662,
				"remote_host":	"10.206.0.12",
				"remote_port":	5201
			}],
		"version":	"iperf 3.16",
		"system_info":	"Linux VM-0-11-ubuntu 6.8.0-71-generic #71-Ubuntu SMP PREEMPT_DYNAMIC Tue Jul 22 16:52:38 UTC 2025 x86_64",
		"timestamp":	{
			"time":	"Tue, 30 Dec 2025 12:27:14 GMT",
			"timesecs":	1767097634
		},
		"connecting_to":	{
			"host":	"10.206.0.12",
			"port":	5201
		},
		"cookie":	"n6cjzae2x7fbbdsstb5uaprqbtevwfwlgbqx",
		"tcp_mss_default":	1412,
		"target_bitrate":	0,
		"fq_rate":	0,
		"sock_bufsize":	0,
		"sndbuf_actual":	16384,
		"rcvbuf_actual":	131072,
		"test_start":	{
			"protocol":	"TCP",
			"num_streams":	1,
			"blksize":	131072,
			"omit":	0,
			"duration":	10,
			"bytes":	0,
			"blocks":	0,
			"reverse":	0,
			"tos":	0,
			"target_bitrate":	0,
			"bidir":	0,
			"fqrate":	0
		}
	},
	"intervals":	[{
			"streams":	[{
					"socket":	5,
					"start":	0,
					"end":	1.001036,
					"seconds":	1.0010360479354858,
					"bytes":	123076608,
					"bits_per_second":	983593813.660001,
					"retransmits":	1178,
					"snd_cwnd":	833080,
					"snd_wnd":	4880512,
					"rtt":	6524,
					"rttvar":	7,
					"pmtu":	1500,
					"omitted":	false,
					"sender":	true
				}],
			"sum":	{
				"start":	0,
				"end":	1.001036,
				"seconds":	1.0010360479354858,
				"bytes":	123076608,
				"bits_per_second":	983593813.660001,
				"retransmits":	1178,
				"omitted":	false,
				"sender":	true
			}
		}, {
			"streams":	[{
					"socket":	5,
					"start":	1.001036,
					"end":	2.001034,
					"seconds":	0.99999797344207764,
					"bytes":	118620160,
					"bits_per_second":	948963203.12889731,
					"retransmits":	0,
					"snd_cwnd":	936156,
					"snd_wnd":	4880512,
					"rtt":	7620,
					"rttvar":	11,
					"pmtu":	1500,
					"omitted":	false,
					"sender":	true
				}],
			"sum":	{
				"start":	1.001036,
				"end":	2.001034,
				"seconds":	0.99999797344207764,
				"bytes":	118620160,
				"bits_per_second":	948963203.12889731,
				"retransmits":	0,
				"omitted":	false,
				"sender":	true
			}
		}, {
			"streams":	[{
					"socket":	5,
					"start":	2.001034,
					"end":	3.001033,
					"seconds":	0.99999898672103882,
					"bytes":	120061952,
					"bits_per_second":	960496589.25098622,
					"retransmits":	0,
					"snd_cwnd":	1026524,
					"snd_wnd":	4880512,
					"rtt":	8155,
					"rttvar":	12,
					"pmtu":	1500,
					"omitted":	false,
					"sender":	true
				}],
			"sum":	{
				"start":	2.001034,
				"end":	3.001033,
				"seconds":	0.99999898672103882,
				"bytes":	120061952,
				"bits_per_second":	960496589.25098622,
				"retransmits":	0,
				"omitted":	false,
				"sender":	true
			}
		}, {
			"streams":	[{
					"socket":	5,
					"start":	3.001033,
					"end":	4.001029,
					"seconds":	0.9999960064888,
					"bytes":	119930880,
					"bits_per_second":	959450871.57780147,
					"retransmits":	0,
					"snd_cwnd":	1111244,
					"snd_wnd":	4880512,
					"rtt":	9248,
					"rttvar":	9,
					"pmtu":	1500,
					"omitted":	false,
					"sender":	true
				}],
			"sum":	{
				"start":	3.001033,
				"end":	4.001029,
				"seconds":	0.9999960064888,
				"bytes":	119930880,
				"bits_per_second":	959450871.57780147,
				"retransmits":	0,
				"omitted":	false,
				"sender":	true
			}
		}, {
			"streams":	[{
					"socket":	5,
					"start":	4.001029,
					"end":	5.001034,
					"seconds":	1.0000050067901611,
					"bytes":	118620160,
					"bits_per_second":	948956528.77378845,
					"retransmits":	0,
					"snd_cwnd":	1188904,
					"snd_wnd":	4880512,
					"rtt":	9785,
					"rttvar":	9,
					"pmtu":	1500,
					"omitted":	false,
					"sender":	true
				}],
			"sum":	{
				"start":	4.001029,
				"end":	5.001034,
				"seconds":	1.0000050067901611,
				"bytes":	118620160,
				"bits_per_second":	948956528.77378845,
				"retransmits":	0,
				"omitted":	false,
				"sender":	true
			}
		}, {
			"streams":	[{
					"socket":	5,
					"start":	5.001034,
					"end":	6.001038,
					"seconds":	1.0000040531158447,
					"bytes":	120061952,
					"bits_per_second":	960491723.01577866,
					"retransmits":	0,
					"snd_cwnd":	1263740,
					"snd_wnd":	4880512,
					"rtt":	10333,
					"rttvar":	6,
					"pmtu":	1500,
					"omitted":	false,
					"sender":	true
				}],
			"sum":	{
				"start":	5.001034,
				"end":	6.001038,
				"seconds":	1.0000040531158447,
				"bytes":	120061952,
				"bits_per_second":	960491723.01577866,
				"retransmits":	0,
				"omitted":	false,
				"sender":	true
			}
		}, {
			"streams":	[{
					"socket":	5,
					"start":	6.001038,
					"end":	7.001035,
					"seconds":	0.99999701976776123,
					"bytes":	118620160,
					"bits_per_second":	948964108.13342845,
					"retransmits":	0,
					"snd_cwnd":	1332928,
					"snd_wnd":	4880512,
					"rtt":	10877,
					"rttvar":	7,
					"pmtu":	1500,
					"omitted":	false,
					"sender":	true
				}],
			"sum":	{
				"start":	6.001038,
				"end":	7.001035,
				"seconds":	0.99999701976776123,
				"bytes":	118620160,
				"bits_per_second":	948964108.13342845,
				"retransmits":	0,
				"omitted":	false,
				"sender":	true
			}
		}, {
			"streams":	[{
					"socket":	5,
					"start":	7.001035,
					"end":	8.001032,
					"seconds":	0.99999701976776123,
					"bytes":	120061952,
					"bits_per_second":	960498478.508531,
					"retransmits":	0,
					"snd_cwnd":	1397880,
					"snd_wnd":	4881408,
					"rtt":	11419,
					"rttvar":	1,
					"pmtu":	1500,
					"omitted":	false,
					"sender":	true
				}],
			"sum":	{
				"start":	7.001035,
				"end":	8.001032,
				"seconds":	0.99999701976776123,
				"bytes":	120061952,
				"bits_per_second":	960498478.508531,
				"retransmits":	0,
				"omitted":	false,
				"sender":	true
			}
		}, {
			"streams":	[{
					"socket":	5,
					"start":	8.001032,
					"end":	9.001034,
					"seconds":	1.0000020265579224,
					"bytes":	118620160,
					"bits_per_second":	948959356.87889731,
					"retransmits":	0,
					"snd_cwnd":	1461420,
					"snd_wnd":	4880512,
					"rtt":	11964,
					"rttvar":	7,
					"pmtu":	1500,
					"omitted":	false,
					"sender":	true
				}],
			"sum":	{
				"start":	8.001032,
				"end":	9.001034,
				"seconds":	1.0000020265579224,
				"bytes":	118620160,
				"bits_per_second":	948959356.87889731,
				"retransmits":	0,
				"omitted":	false,
				"sender":	true
			}
		}, {
			"streams":	[{
					"socket":	5,
					"start":	9.001034,
					"end":	10.001432,
					"seconds":	1.00039803981781,
					"bytes":	119930880,
					"bits_per_second":	959065293.825178,
					"retransmits":	0,
					"snd_cwnd":	1522136,
					"snd_wnd":	4880512,
					"rtt":	12511,
					"rttvar":	14,
					"pmtu":	1500,
					"omitted":	false,
					"sender":	true
				}],
			"sum":	{
				"start":	9.001034,
				"end":	10.001432,
				"seconds":	1.00039803981781,
				"bytes":	119930880,
				"bits_per_second":	959065293.825178,
				"retransmits":	0,
				"omitted":	false,
				"sender":	true
			}
		}],
	"end":	{
		"streams":	[{
				"sender":	{
					"socket":	5,
					"start":	0,
					"end":	10.001432,
					"seconds":	10.001432,
					"bytes":	1197604864,
					"bits_per_second":	957946713.23066545,
					"retransmits":	1178,
					"max_snd_cwnd":	1522136,
					"max_snd_wnd":	4881408,
					"max_rtt":	12511,
					"min_rtt":	6524,
					"mean_rtt":	9843,
					"sender":	true
				},
				"receiver":	{
					"socket":	5,
					"start":	0,
					"end":	10.014251,
					"seconds":	10.001432,
					"bytes":	1195769856,
					"bits_per_second":	955254551.53860235,
					"sender":	true
				}
			}],
		"sum_sent":	{
			"start":	0,
			"end":	10.001432,
			"seconds":	10.001432,
			"bytes":	1197604864,
			"bits_per_second":	957946713.23066545,
			"retransmits":	1178,
			"sender":	true
		},
		"sum_received":	{
			"start":	0,
			"end":	10.014251,
			"seconds":	10.014251,
			"bytes":	1195769856,
			"bits_per_second":	955254551.53860235,
			"sender":	true
		},
		"cpu_utilization_percent":	{
			"host_total":	1.645204736100631,
			"host_user":	0.0198443880070716,
			"host_system":	1.6253703452663588,