{
	"start":	{
		"connected":	[{
				"socket":	5,
				"local_host":	"10.206.0.11",
				"local_port":	57034,
				"remote_host":	"10.206.0.12",
				"remote_port":	5201
			}],
		"version":	"iperf 3.16",
		"system_info":	"Linux VM-0-11-ubuntu 6.8.0-71-generic #71-Ubuntu SMP PREEMPT_DYNAMIC Tue Jul 22 16:52:38 UTC 2025 x86_64",
		"timestamp":	{
			"time":	"Tue, 30 Dec 2025 12:27:32 GMT",
			"timesecs":	1767097652
		},
		"connecting_to":	{
			"host":	"10.206.0.12",
			"port":	5201
		},
		"cookie":	"i2r267mz5mzluxnabnefgy24hj3v4phhw7na",
		"tcp_mss_default":	1412,
		"target_bitrate":	0,
		"fq_rate":	0,
		"sock_bufsize":	0,
		"sndbuf_actual":	16384,
		"rcvbuf_actual":	131072,
		"test_start":	{
			"protocol":	"TCP",
			"num_streams":	1,
			"blksize":	131072,
			"omit":	0,
			"duration":	10,
			"bytes":	0,
			"blocks":	0,
			"reverse":	0,
			"tos":	0,
			"target_bitrate":	0,
			"bidir":	0,
			"fqrate":	0
		}
	},
	"intervals":	[{
			"streams":	[{
					"socket":	5,
					"start":	0,
					"end":	1.001029,
					"seconds":	1.0010290145874023,
					"bytes":	859439104,
					"bits_per_second":	6868445101.79748,
					"retransmits":	384,
					"snd_cwnd":	1351284,
					"snd_wnd":	4880512,
					"rtt":	1550,
					"rttvar":	23,
					"pmtu":	1500,
					"omitted":	false,
					"sender":	true
				}],
			"sum":	{
				"start":	0,
				"end":	1.001029,
				"seconds":	1.0010290145874023,
				"bytes":	859439104,
				"bits_per_second":	6868445101.79748,
				"retransmits":	384,
				"omitted":	false,
				"sender":	true
			}
		}, {
			"streams":	[{
					"socket":	5,
					"start":	1.001029,
					"end":	2.001025,
					"seconds":	0.9999960064888,
					"bytes":	852885504,
					"bits_per_second":	6823111280.1713161,
					"retransmits":	0,
					"snd_cwnd":	1767824,
					"snd_wnd":	4880512,
					"rtt":	2082,
					"rttvar":	37,
					"pmtu":	1500,
					"omitted":	false,
					"sender":	true
				}],
			"sum":	{
				"start":	1.001029,
				"end":	2.001025,
				"seconds":	0.9999960064888,
				"bytes":	852885504,
				"bits_per_second":	6823111280.1713161,
				"retransmits":	0,
				"omitted":	false,
				"sender":	true
			}
		}, {
			"streams":	[{
					"socket":	5,
					"start":	2.001025,
					"end":	3.001033,
					"seconds":	1.0000079870224,
					"bytes":	851836928,
					"bits_per_second":	6814640995.3097229,
					"retransmits":	253,
					"snd_cwnd":	1119716,
					"snd_wnd":	4937600,
					"rtt":	1309,
					"rttvar":	29,
					"pmtu":	1500,
					"omitted":	false,
					"sender":	true
				}],
			"sum":	{
				"start":	2.001025,
				"end":	3.001033,
				"seconds":	1.0000079870224,
				"bytes":	851836928,
				"bits_per_second":	6814640995.3097229,
				"retransmits":	253,
				"omitted":	false,
				"sender":	true
			}
		}, {
			"streams":	[{
					"socket":	5,
					"start":	3.001033,
					"end":	4.001049,
					"seconds":	1.0000159740448,
					"bytes":	852754432,
					"bits_per_second":	6821926482.24075,
					"retransmits":	0,
					"snd_cwnd":	1605444,
					"snd_wnd":	4880512,
					"rtt":	1837,
					"rttvar":	19,
					"pmtu":	1500,
					"omitted":	false,
					"sender":	true
				}],
			"sum":	{
				"start":	3.001033,
				"end":	4.001049,
				"seconds":	1.0000159740448,
				"bytes":	852754432,
				"bits_per_second":	6821926482.24075,
				"retransmits":	0,
				"omitted":	false,
				"sender":	true
			}
		}, {
			"streams":	[{
					"socket":	5,
					"start":	4.001049,
					"end":	5.001044,
					"seconds":	0.999994993209839,
					"bytes":	853016576,
					"bits_per_second":	6824166775.1710682,
					"retransmits":	0,
					"snd_cwnd":	1965504,
					"snd_wnd":	4880128,
					"rtt":	2289,
					"rttvar":	32,
					"pmtu":	1500,
					"omitted":	false,
					"sender":	true
				}],
			"sum":	{
				"start":	4.001049,
				"end":	5.001044,
				"seconds":	0.999994993209839,
				"bytes":	853016576,
				"bits_per_second":	6824166775.1710682,
				"retransmits":	0,
				"omitted":	false,
				"sender":	true
			}
		}, {
			"streams":	[{
					"socket":	5,
					"start":	5.001044,
					"end":	6.001029,
					"seconds":	0.9999849796295166,
					"bytes":	852623360,
					"bits_per_second":	6821089335.2889166,
					"retransmits":	144,
					"snd_cwnd":	1403528,
					"snd_wnd":	4880512,
					"rtt":	1625,
					"rttvar":	26,
					"pmtu":	1500,
					"omitted":	false,
					"sender":	true
				}],
			"sum":	{
				"start":	5.001044,
				"end":	6.001029,
				"seconds":	0.9999849796295166,
				"bytes":	852623360,
				"bits_per_second":	6821089335.2889166,
				"retransmits":	144,
				"omitted":	false,
				"sender":	true
			}
		}, {
			"streams":	[{
					"socket":	5,
					"start":	6.001029,
					"end":	7.00103,
					"seconds":	1.0000009536743164,
					"bytes":	852230144,
					"bits_per_second":	6817834650.0062,
					"retransmits":	0,
					"snd_cwnd":	1798888,
					"snd_wnd":	4880128,
					"rtt":	2041,
					"rttvar":	26,
					"pmtu":	1500,
					"omitted":	false,
					"sender":	true
				}],
			"sum":	{
				"start":	6.001029,
				"end":	7.00103,
				"seconds":	1.0000009536743164,
				"bytes":	852230144,
				"bits_per_second":	6817834650.0062,
				"retransmits":	0,
				"omitted":	false,
				"sender":	true
			}
		}, {
			"streams":	[{
					"socket":	5,
					"start":	7.00103,
					"end":	8.001037,
					"seconds":	1.0000070333480835,
					"bytes":	853147648,
					"bits_per_second":	6825133180.4626255,
					"retransmits":	156,
					"snd_cwnd":	1170548,
					"snd_wnd":	4881408,
					"rtt":	1393,
					"rttvar":	26,
					"pmtu":	1500,
					"omitted":	false,
					"sender":	true
				}],
			"sum":	{
				"start":	7.00103,
				"end":	8.001037,
				"seconds":	1.0000070333480835,
				"bytes":	853147648,
				"bits_per_second":	6825133180.4626255,
				"retransmits":	156,
				"omitted":	false,
				"sender":	true
			}
		}, {
			"streams":	[{
					"socket":	5,
					"start":	8.001037,
					"end":	9.00104,
					"seconds":	1.0000029802322388,
					"bytes":	852230144,
					"bits_per_second":	6817820833.3105545,
					"retransmits":	0,
					"snd_cwnd":	1630860,
					"snd_wnd":	4880512,
					"rtt":	1882,
					"rttvar":	29,
					"pmtu":	1500,
					"omitted":	false,
					"sender":	true
				}],
			"sum":	{
				"start":	8.001037,
				"end":	9.00104,
				"seconds":	1.0000029802322388,
				"bytes":	852230144,
				"bits_per_second":	6817820833.3105545,
				"retransmits":	0,
				"omitted":	false,
				"sender":	true
			}
		}, {
			"streams":	[{
					"socket":	5,
					"start":	9.00104,
					"end":	10.001447,
					"seconds":	1.0004069805145264,
					"bytes":	853540864,
					"bits_per_second":	6825549046.5371151,
					"retransmits":	0,
					"snd_cwnd":	1988096,
					"snd_wnd":	4880512,
					"rtt":	2244,
					"rttvar":	30,
					"pmtu":	1500,
					"omitted":	false,
					"sender":	true
				}],
			"sum":	{
				"start":	9.00104,
				"end":	10.001447,
				"seconds":	1.0004069805145264,
				"bytes":	853540864,
				"bits_per_second":	6825549046.5371151,
				"retransmits":	0,
				"omitted":	false,
				"sender":	true
			}
		}],
	"end":	{
		"streams":	[{
				"sender":	{
					"socket":	5,
					"start":	0,
					"end":	10.001447,
					"seconds":	10.001447,
					"bytes":	8534884352,
					"bits_per_second":	6826919626.33007,
					"retransmits":	937,
					"max_snd_cwnd":	1988096,
					"max_snd_wnd":	4937600,
					"max_rtt":	2289,
					"min_rtt":	1309,
					"mean_rtt":	1825,
					"sender":	true
				},
				"receiver":	{
					"socket":	5,
					"start":	0,
					"end":	10.003702,
					"seconds":	10.001447,
					"bytes":	8534097920,
					"bits_per_second":	6824751812.8788719,
					"sender":	true
				}
			}],
		"sum_sent":	{
			"start":	0,
			"end":	10.001447,
			"seconds":	10.001447,
			"bytes":	8534884352,
			"bits_per_second":	6826919626.33007,
			"retransmits":	937,
			"sender":	true
		},
		"sum_received":	{
			"start":	0,
			"end":	10.003702,
			"seconds":	10.003702,
			"bytes":	8534097920,
			"bits_per_second":	6824751812.8788719,
			"sender":	true
		},
		"cpu_utilization_percent":	{
			"host_total":	12.850339430139654,
			"host_user":	0.12218405345147457,
			"host_system":	12.728175370805909,