{
	"start":	{
		"connected":	[{
				"socket":	5,
				"local_host":	"10.206.0.11",
				"local_port":	57618,
				"remote_host":	"10.206.0.12",
				"remote_port":	5000
			}],
		"version":	"iperf 3.16",
		"system_info":	"Linux VM-0-11-ubuntu 6.8.0-71-generic #71-Ubuntu SMP PREEMPT_DYNAMIC Tue Jul 22 16:52:38 UTC 2025 x86_64",
		"timestamp":	{
			"time":	"Tue, 30 Dec 2025 12:17:51 GMT",
			"timesecs":	1767097071
		},
		"connecting_to":	{
			"host":	"10.206.0.12",
			"port":	5000
		},
		"cookie":	"frnywni7nsdlr7ca6i6qtd224jw7luprxgtx",
		"tcp_mss_default":	1412,
		"target_bitrate":	0,
		"fq_rate":	0,
		"sock_bufsize":	0,
		"sndbuf_actual":	16384,
		"rcvbuf_actual":	131072,
		"test_start":	{
			"protocol":	"TCP",
			"num_streams":	1,
			"blksize":	131072,
			"omit":	0,
			"duration":	10,
			"bytes":	0,
			"blocks":	0,
			"reverse":	0,
			"tos":	0,
			"target_bitrate":	0,
			"bidir":	0,
			"fqrate":	0
		}
	},
	"intervals":	[{
			"streams":	[{
					"socket":	5,
					"start":	0,
					"end":	1.001028,
					"seconds":	1.0010279417037964,
					"bytes":	4325376,
					"bits_per_second":	34567474.6512111,
					"retransmits":	0,
					"snd_cwnd":	1266564,
					"snd_wnd":	1569152,
					"rtt":	333532,
					"rttvar":	162147,
					"pmtu":	1500,
					"omitted":	false,
					"sender":	true
				}],
			"sum":	{
				"start":	0,
				"end":	1.001028,
				"seconds":	1.0010279417037964,
				"bytes":	4325376,
				"bits_per_second":	34567474.6512111,
				"retransmits":	0,
				"omitted":	false,
				"sender":	true
			}
		}, {
			"streams":	[{
					"socket":	5,
					"start":	1.001028,
					"end":	2.001033,
					"seconds":	1.0000050067901611,
					"bytes":	1441792,
					"bits_per_second":	11534278.25028914,
					"retransmits":	0,
					"snd_cwnd":	1386584,
					"snd_wnd":	2146176,
					"rtt":	803311,
					"rttvar":	211509,
					"pmtu":	1500,
					"omitted":	false,
					"sender":	true
				}],
			"sum":	{
				"start":	1.001028,
				"end":	2.001033,
				"seconds":	1.0000050067901611,
				"bytes":	1441792,
				"bits_per_second":	11534278.25028914,
				"retransmits":	0,
				"omitted":	false,
				"sender":	true
			}
		}, {
			"streams":	[{
					"socket":	5,
					"start":	2.001033,
					"end":	3.001035,
					"seconds":	1.0000020265579224,
					"bytes":	1441792,
					"bits_per_second":	11534312.625047371,
					"retransmits":	0,
					"snd_cwnd":	1444476,
					"snd_wnd":	3238016,
					"rtt":	1087109,
					"rttvar":	81936,
					"pmtu":	1500,
					"omitted":	false,
					"sender":	true
				}],
			"sum":	{
				"start":	2.001033,
				"end":	3.001035,
				"seconds":	1.0000020265579224,
				"bytes":	1441792,
				"bits_per_second":	11534312.625047371,
				"retransmits":	0,
				"omitted":	false,
				"sender":	true
			}
		}, {
			"streams":	[{
					"socket":	5,
					"start":	3.001035,
					"end":	4.001034,
					"seconds":	0.99999898672103882,
					"bytes":	1441792,
					"bits_per_second":	11534347.687511843,
					"retransmits":	0,
					"snd_cwnd":	1506604,
					"snd_wnd":	4880512,
					"rtt":	1155873,
					"rttvar":	35617,
					"pmtu":	1500,
					"omitted":	false,
					"sender":	true
				}],
			"sum":	{
				"start":	3.001035,
				"end":	4.001034,
				"seconds":	0.99999898672103882,
				"bytes":	1441792,
				"bits_per_second":	11534347.687511843,
				"retransmits":	0,
				"omitted":	false,
				"sender":	true
			}
		}, {
			"streams":	[{
					"socket":	5,
					"start":	4.001034,
					"end":	5.001022,
					"seconds":	0.9999880194664,
					"bytes":	1310720,
					"bits_per_second":	10485885.626505073,
					"retransmits":	0,
					"snd_cwnd":	1564496,
					"snd_wnd":	4881408,
					"rtt":	1192980,
					"rttvar":	7085,
					"pmtu":	1500,
					"omitted":	false,
					"sender":	true
				}],
			"sum":	{
				"start":	4.001034,
				"end":	5.001022,
				"seconds":	0.9999880194664,
				"bytes":	1310720,
				"bits_per_second":	10485885.626505073,
				"retransmits":	0,
				"omitted":	false,
				"sender":	true
			}
		}, {
			"streams":	[{
					"socket":	5,
					"start":	5.001022,
					"end":	6.001025,
					"seconds":	1.0000029802322388,
					"bytes":	0,
					"bits_per_second":	0,
					"retransmits":	0,
					"snd_cwnd":	1626624,
					"snd_wnd":	4880512,
					"rtt":	1246430,
					"rttvar":	8715,
					"pmtu":	1500,
					"omitted":	false,
					"sender":	true
				}],
			"sum":	{
				"start":	5.001022,
				"end":	6.001025,
				"seconds":	1.0000029802322388,
				"bytes":	0,
				"bits_per_second":	0,
				"retransmits":	0,
				"omitted":	false,
				"sender":	true
			}
		}, {
			"streams":	[{
					"socket":	5,
					"start":	6.001025,
					"end":	7.001031,
					"seconds":	1.0000059604644775,
					"bytes":	1441792,
					"bits_per_second":	11534267.25040978,
					"retransmits":	0,
					"snd_cwnd":	1684516,
					"snd_wnd":	4880512,
					"rtt":	1298617,
					"rttvar":	12619,
					"pmtu":	1500,
					"omitted":	false,
					"sender":	true
				}],
			"sum":	{
				"start":	6.001025,
				"end":	7.001031,
				"seconds":	1.0000059604644775,
				"bytes":	1441792,
				"bits_per_second":	11534267.25040978,
				"retransmits":	0,
				"omitted":	false,
				"sender":	true
			}
		}, {
			"streams":	[{
					"socket":	5,
					"start":	7.001031,
					"end":	8.001034,
					"seconds":	1.0000029802322388,
					"bytes":	1441792,
					"bits_per_second":	11534301.625102445,
					"retransmits":	0,
					"snd_cwnd":	1743820,
					"snd_wnd":	4880512,
					"rtt":	1349666,
					"rttvar":	17798,
					"pmtu":	1500,
					"omitted":	false,
					"sender":	true
				}],
			"sum":	{
				"start":	7.001031,
				"end":	8.001034,
				"seconds":	1.0000029802322388,
				"bytes":	1441792,
				"bits_per_second":	11534301.625102445,
				"retransmits":	0,
				"omitted":	false,
				"sender":	true
			}
		}, {
			"streams":	[{
					"socket":	5,
					"start":	8.001034,
					"end":	9.001022,
					"seconds":	0.9999880194664,
					"bytes":	1441792,
					"bits_per_second":	11534474.18915558,
					"retransmits":	0,
					"snd_cwnd":	1804536,
					"snd_wnd":	4880512,
					"rtt":	1400906,
					"rttvar":	22036,
					"pmtu":	1500,
					"omitted":	false,
					"sender":	true
				}],
			"sum":	{
				"start":	8.001034,
				"end":	9.001022,
				"seconds":	0.9999880194664,
				"bytes":	1441792,
				"bits_per_second":	11534474.18915558,
				"retransmits":	0,
				"omitted":	false,
				"sender":	true
			}
		}, {
			"streams":	[{
					"socket":	5,
					"start":	9.001022,
					"end":	10.001457,
					"seconds":	1.0004349946975708,
					"bytes":	1441792,
					"bits_per_second":	11529320.806582544,
					"retransmits":	0,
					"snd_cwnd":	1863840,
					"snd_wnd":	4880512,
					"rtt":	1448777,
					"rttvar":	28923,
					"pmtu":	1500,
					"omitted":	false,
					"sender":	true
				}],
			"sum":	{
				"start":	9.001022,
				"end":	10.001457,
				"seconds":	1.0004349946975708,
				"bytes":	1441792,
				"bits_per_second":	11529320.806582544,
				"retransmits":	0,
				"omitted":	false,
				"sender":	true
			}
		}],
	"end":	{
		"streams":	[{
				"sender":	{
					"socket":	5,
					"start":	0,
					"end":	10.001457,
					"seconds":	10.001457,
					"bytes":	15728640,
					"bits_per_second":	12581078.936798908,
					"retransmits":	0,
					"max_snd_cwnd":	1863840,
					"max_snd_wnd":	4881408,
					"max_rtt":	1448777,
					"min_rtt":	333532,
					"mean_rtt":	1131720,
					"sender":	true
				},
				"receiver":	{
					"socket":	5,
					"start":	0,
					"end":	11.528186,
					"seconds":	10.001457,
					"bytes":	12713984,
					"bits_per_second":	8822886.09847204,
					"sender":	true
				}
			}],
		"sum_sent":	{
			"start":	0,
			"end":	10.001457,
			"seconds":	10.001457,
			"bytes":	15728640,
			"bits_per_second":	12581078.936798908,
			"retransmits":	0,
			"sender":	true
		},
		"sum_received":	{
			"start":	0,
			"end":	11.528186,
			"seconds":	11.528186,
			"bytes":	12713984,
			"bits_per_second":	8822886.09847204,
			"sender":	true
		},
		"cpu_utilization_percent":	{
			"host_total":	0.053184480768511753,
			"host_user":	0.0040688127204481731,
			"host_system":	0.0491256651309148,
			"remote_total":	0.060607942685201636,