{
	"start":	{
		"connected":	[{
				"socket":	5,
				"local_host":	"10.206.0.11",
				"local_port":	44192,
				"remote_host":	"10.206.0.12",
				"remote_port":	5201
			}],
		"version":	"iperf 3.16",
		"system_info":	"Linux VM-0-11-ubuntu 6.8.0-71-generic #71-Ubuntu SMP PREEMPT_DYNAMIC Tue Jul 22 16:52:38 UTC 2025 x86_64",
		"timestamp":	{
			"time":	"Tue, 30 Dec 2025 12:31:40 GMT",
			"timesecs":	1767097900
		},
		"connecting_to":	{
			"host":	"10.206.0.12",
			"port":	5201
		},
		"cookie":	"taebp4olrajxjlysdvczywy6v6a5l4h4oyni",
		"tcp_mss_default":	1412,
		"target_bitrate":	0,
		"fq_rate":	0,
		"sock_bufsize":	0,
		"sndbuf_actual":	16384,
		"rcvbuf_actual":	131072,
		"test_start":	{
			"protocol":	"TCP",
			"num_streams":	1,
			"blksize":	131072,
			"omit":	0,
			"duration":	10,
			"bytes":	0,
			"blocks":	0,
			"reverse":	0,
			"tos":	0,
			"target_bitrate":	0,
			"bidir":	0,
			"fqrate":	0
		}
	},
	"intervals":	[{
			"streams":	[{
					"socket":	5,
					"start":	0,
					"end":	1.001032,
					"seconds":	1.0010319948196411,
					"bytes":	250871808,
					"bits_per_second":	2004905412.0009446,
					"retransmits":	4864,
					"snd_cwnd":	125668,
					"snd_wnd":	3145728,
					"rtt":	492,
					"rttvar":	67,
					"pmtu":	1500,
					"omitted":	false,
					"sender":	true
				}],
			"sum":	{
				"start":	0,
				"end":	1.001032,
				"seconds":	1.0010319948196411,
				"bytes":	250871808,
				"bits_per_second":	2004905412.0009446,
				"retransmits":	4864,
				"omitted":	false,
				"sender":	true
			}
		}, {
			"streams":	[{
					"socket":	5,
					"start":	1.001032,
					"end":	2.001031,
					"seconds":	0.99999898672103882,
					"bytes":	252182528,
					"bits_per_second":	2017462268.2520714,
					"retransmits":	4518,
					"snd_cwnd":	122844,
					"snd_wnd":	3145728,
					"rtt":	455,
					"rttvar":	70,
					"pmtu":	1500,
					"omitted":	false,
					"sender":	true
				}],
			"sum":	{
				"start":	1.001032,
				"end":	2.001031,
				"seconds":	0.99999898672103882,
				"bytes":	252182528,
				"bits_per_second":	2017462268.2520714,
				"retransmits":	4518,
				"omitted":	false,
				"sender":	true
			}
		}, {
			"streams":	[{
					"socket":	5,
					"start":	2.001031,
					"end":	3.001032,
					"seconds":	1.0000009536743164,
					"bytes":	241958912,
					"bits_per_second":	1935669450.0017605,
					"retransmits":	4648,
					"snd_cwnd":	125668,
					"snd_wnd":	3140480,
					"rtt":	464,
					"rttvar":	40,
					"pmtu":	1500,
					"omitted":	false,
					"sender":	true
				}],
			"sum":	{
				"start":	2.001031,
				"end":	3.001032,
				"seconds":	1.0000009536743164,
				"bytes":	241958912,
				"bits_per_second":	1935669450.0017605,
				"retransmits":	4648,
				"omitted":	false,
				"sender":	true
			}
		}, {
			"streams":	[{
					"socket":	5,
					"start":	3.001032,
					"end":	4.001032,
					"seconds":	1,
					"bytes":	246939648,
					"bits_per_second":	1975517184,
					"retransmits":	4464,
					"snd_cwnd":	132728,
					"snd_wnd":	3145728,
					"rtt":	449,
					"rttvar":	40,
					"pmtu":	1500,
					"omitted":	false,
					"sender":	true
				}],
			"sum":	{
				"start":	3.001032,
				"end":	4.001032,
				"seconds":	1,
				"bytes":	246939648,
				"bits_per_second":	1975517184,
				"retransmits":	4464,
				"omitted":	false,
				"sender":	true
			}
		}, {
			"streams":	[{
					"socket":	5,
					"start":	4.001032,
					"end":	5.001031,
					"seconds":	0.99999898672103882,
					"bytes":	254017536,
					"bits_per_second":	2032142347.1270864,
					"retransmits":	4472,
					"snd_cwnd":	108724,
					"snd_wnd":	3145728,
					"rtt":	349,
					"rttvar":	68,
					"pmtu":	1500,
					"omitted":	false,
					"sender":	true
				}],
			"sum":	{
				"start":	4.001032,
				"end":	5.001031,
				"seconds":	0.99999898672103882,
				"bytes":	254017536,
				"bits_per_second":	2032142347.1270864,
				"retransmits":	4472,
				"omitted":	false,
				"sender":	true
			}
		}, {
			"streams":	[{
					"socket":	5,
					"start":	5.001031,
					"end":	6.001033,
					"seconds":	1.0000020265579224,
					"bytes":	246808576,
					"bits_per_second":	1974464606.6331091,
					"retransmits":	4508,
					"snd_cwnd":	121432,
					"snd_wnd":	3145728,
					"rtt":	427,
					"rttvar":	32,
					"pmtu":	1500,
					"omitted":	false,
					"sender":	true
				}],
			"sum":	{
				"start":	5.001031,
				"end":	6.001033,
				"seconds":	1.0000020265579224,
				"bytes":	246808576,
				"bits_per_second":	1974464606.6331091,
				"retransmits":	4508,
				"omitted":	false,
				"sender":	true
			}
		}, {
			"streams":	[{
					"socket":	5,
					"start":	6.001033,
					"end":	7.001033,
					"seconds":	1,
					"bytes":	244973568,
					"bits_per_second":	1959788544,
					"retransmits":	4389,
					"snd_cwnd":	125668,
					"snd_wnd":	3145728,
					"rtt":	384,
					"rttvar":	46,
					"pmtu":	1500,
					"omitted":	false,
					"sender":	true
				}],
			"sum":	{
				"start":	6.001033,
				"end":	7.001033,
				"seconds":	1,
				"bytes":	244973568,
				"bits_per_second":	1959788544,
				"retransmits":	4389,
				"omitted":	false,
				"sender":	true
			}
		}, {
			"streams":	[{
					"socket":	5,
					"start":	7.001033,
					"end":	8.001035,
					"seconds":	1.0000020265579224,
					"bytes":	246546432,
					"bits_per_second":	1972367458.8831,
					"retransmits":	4590,
					"snd_cwnd":	169440,
					"snd_wnd":	3145728,
					"rtt":	570,
					"rttvar":	85,
					"pmtu":	1500,
					"omitted":	false,
					"sender":	true
				}],
			"sum":	{
				"start":	7.001033,
				"end":	8.001035,
				"seconds":	1.0000020265579224,
				"bytes":	246546432,
				"bits_per_second":	1972367458.8831,
				"retransmits":	4590,
				"omitted":	false,
				"sender":	true
			}
		}, {
			"streams":	[{
					"socket":	5,
					"start":	8.001035,
					"end":	9.001044,
					"seconds":	1.0000089406967163,
					"bytes":	247070720,
					"bits_per_second":	1976548088.2829974,
					"retransmits":	4675,
					"snd_cwnd":	127080,
					"snd_wnd":	3145728,
					"rtt":	458,
					"rttvar":	32,
					"pmtu":	1500,
					"omitted":	false,
					"sender":	true
				}],
			"sum":	{
				"start":	8.001035,
				"end":	9.001044,
				"seconds":	1.0000089406967163,
				"bytes":	247070720,
				"bits_per_second":	1976548088.2829974,
				"retransmits":	4675,
				"omitted":	false,
				"sender":	true
			}
		}, {
			"streams":	[{
					"socket":	5,
					"start":	9.001044,
					"end":	10.00141,
					"seconds":	1.0003659725189209,
					"bytes":	241827840,
					"bits_per_second":	1933914960.270611,
					"retransmits":	4475,
					"snd_cwnd":	115784,
					"snd_wnd":	3140224,
					"rtt":	418,
					"rttvar":	45,
					"pmtu":	1500,
					"omitted":	false,
					"sender":	true
				}],
			"sum":	{
				"start":	9.001044,
				"end":	10.00141,
				"seconds":	1.0003659725189209,
				"bytes":	241827840,
				"bits_per_second":	1933914960.270611,
				"retransmits":	4475,
				"omitted":	false,
				"sender":	true
			}
		}],
	"end":	{
		"streams":	[{
				"sender":	{
					"socket":	5,
					"start":	0,
					"end":	10.00141,
					"seconds":	10.00141,
					"bytes":	2473197568,
					"bits_per_second":	1978279117.0444968,
					"retransmits":	45603,
					"max_snd_cwnd":	169440,
					"max_snd_wnd":	3145728,
					"max_rtt":	570,
					"min_rtt":	349,
					"mean_rtt":	446,
					"sender":	true
				},
				"receiver":	{
					"socket":	5,
					"start":	0,
					"end":	10.00195,
					"seconds":	10.00141,
					"bytes":	2471624704,
					"bits_per_second":	1976914264.9183407,
					"sender":	true
				}
			}],
		"sum_sent":	{
			"start":	0,
			"end":	10.00141,
			"seconds":	10.00141,
			"bytes":	2473197568,
			"bits_per_second":	1978279117.0444968,
			"retransmits":	45603,
			"sender":	true
		},
		"sum_received":	{
			"start":	0,
			"end":	10.00195,
			"seconds":	10.00195,
			"bytes":	2471624704,
			"bits_per_second":	1976914264.9183407,
			"sender":	true
		},
		"cpu_utilization_percent":	{
			"host_total":	7.2117545490025474,
			"host_user":	0.056732571753957184,
			"host_system":	7.15502197724859,
			"remote_total":	22.940220598828809,