{
	"start":	{
		"connected":	[{
				"socket":	5,
				"local_host":	"10.206.0.11",
				"local_port":	37492,
				"remote_host":	"10.206.0.12",
				"remote_port":	5000
			}],
		"version":	"iperf 3.16",
		"system_info":	"Linux VM-0-11-ubuntu 6.8.0-71-generic #71-Ubuntu SMP PREEMPT_DYNAMIC Tue Jul 22 16:52:38 UTC 2025 x86_64",
		"timestamp":	{
			"time":	"Tue, 30 Dec 2025 12:19:09 GMT",
			"timesecs":	1767097149
		},
		"connecting_to":	{
			"host":	"10.206.0.12",
			"port":	5000
		},
		"cookie":	"ixur6zj4bmalq7cs2x2ir5tbivlsfh444ysr",
		"tcp_mss_default":	1412,
		"target_bitrate":	0,
		"fq_rate":	0,
		"sock_bufsize":	0,
		"sndbuf_actual":	16384,
		"rcvbuf_actual":	131072,
		"test_start":	{
			"protocol":	"TCP",
			"num_streams":	1,
			"blksize":	131072,
			"omit":	0,
			"duration":	10,
			"bytes":	0,
			"blocks":	0,
			"reverse":	0,
			"tos":	0,
			"target_bitrate":	0,
			"bidir":	0,
			"fqrate":	0
		}
	},
	"intervals":	[{
			"streams":	[{
					"socket":	5,
					"start":	0,
					"end":	1.001025,
					"seconds":	1.0010249614715576,
					"bytes":	856293376,
					"bits_per_second":	6843332855.4860821,
					"retransmits":	171,
					"snd_cwnd":	1537668,
					"snd_wnd":	4881408,
					"rtt":	1759,
					"rttvar":	43,
					"pmtu":	1500,
					"omitted":	false,
					"sender":	true
				}],
			"sum":	{
				"start":	0,
				"end":	1.001025,
				"seconds":	1.0010249614715576,
				"bytes":	856293376,
				"bits_per_second":	6843332855.4860821,
				"retransmits":	171,
				"omitted":	false,
				"sender":	true
			}
		}, {
			"streams":	[{
					"socket":	5,
					"start":	1.001025,
					"end":	2.001035,
					"seconds":	1.0000100135803223,
					"bytes":	850919424,
					"bits_per_second":	6807287226.68258,
					"retransmits":	0,
					"snd_cwnd":	1910436,
					"snd_wnd":	4880512,
					"rtt":	2167,
					"rttvar":	34,
					"pmtu":	1500,
					"omitted":	false,
					"sender":	true
				}],
			"sum":	{
				"start":	1.001025,
				"end":	2.001035,
				"seconds":	1.0000100135803223,
				"bytes":	850919424,
				"bits_per_second":	6807287226.68258,
				"retransmits":	0,
				"omitted":	false,
				"sender":	true
			}
		}, {
			"streams":	[{
					"socket":	5,
					"start":	2.001035,
					"end":	3.000994,
					"seconds":	0.99995899200439453,
					"bytes":	851574784,
					"bits_per_second":	6812877654.4569149,
					"retransmits":	51,
					"snd_cwnd":	1345636,
					"snd_wnd":	4880512,
					"rtt":	1512,
					"rttvar":	29,
					"pmtu":	1500,
					"omitted":	false,
					"sender":	true
				}],
			"sum":	{
				"start":	2.001035,
				"end":	3.000994,
				"seconds":	0.99995899200439453,
				"bytes":	851574784,
				"bits_per_second":	6812877654.4569149,
				"retransmits":	51,
				"omitted":	false,
				"sender":	true
			}
		}, {
			"streams":	[{
					"socket":	5,
					"start":	3.000994,
					"end":	4.001035,
					"seconds":	1.0000410079956055,
					"bytes":	851574784,
					"bits_per_second":	6812318912.4559746,
					"retransmits":	0,
					"snd_cwnd":	1753704,
					"snd_wnd":	4880512,
					"rtt":	2051,
					"rttvar":	41,
					"pmtu":	1500,
					"omitted":	false,
					"sender":	true
				}],
			"sum":	{
				"start":	3.000994,
				"end":	4.001035,
				"seconds":	1.0000410079956055,
				"bytes":	851574784,
				"bits_per_second":	6812318912.4559746,
				"retransmits":	0,
				"omitted":	false,
				"sender":	true
			}
		}, {
			"streams":	[{
					"socket":	5,
					"start":	4.001035,
					"end":	5.001025,
					"seconds":	0.99998998641967773,
					"bytes":	849870848,
					"bits_per_second":	6799034866.68175,
					"retransmits":	29,
					"snd_cwnd":	1197376,
					"snd_wnd":	4880512,
					"rtt":	1390,
					"rttvar":	29,
					"pmtu":	1500,
					"omitted":	false,
					"sender":	true
				}],
			"sum":	{
				"start":	4.001035,
				"end":	5.001025,
				"seconds":	0.99998998641967773,
				"bytes":	849870848,
				"bits_per_second":	6799034866.68175,
				"retransmits":	29,
				"omitted":	false,
				"sender":	true
			}
		}, {
			"streams":	[{
					"socket":	5,
					"start":	5.001025,
					"end":	6.001033,
					"seconds":	1.0000079870224,
					"bytes":	851574784,
					"bits_per_second":	6812543860.05959,
					"retransmits":	0,
					"snd_cwnd":	1650628,
					"snd_wnd":	4880512,
					"rtt":	1887,
					"rttvar":	29,
					"pmtu":	1500,
					"omitted":	false,
					"sender":	true
				}],
			"sum":	{
				"start":	5.001025,
				"end":	6.001033,
				"seconds":	1.0000079870224,
				"bytes":	851574784,
				"bits_per_second":	6812543860.05959,
				"retransmits":	0,
				"omitted":	false,
				"sender":	true
			}
		}, {
			"streams":	[{
					"socket":	5,
					"start":	6.001033,
					"end":	7.001031,
					"seconds":	0.99999797344207764,
					"bytes":	850132992,
					"bits_per_second":	6801077718.77793,
					"retransmits":	0,
					"snd_cwnd":	1995156,
					"snd_wnd":	4880512,
					"rtt":	2252,
					"rttvar":	24,
					"pmtu":	1500,
					"omitted":	false,
					"sender":	true
				}],
			"sum":	{
				"start":	6.001033,
				"end":	7.001031,
				"seconds":	0.99999797344207764,
				"bytes":	850132992,
				"bits_per_second":	6801077718.77793,
				"retransmits":	0,
				"omitted":	false,
				"sender":	true
			}
		}, {
			"streams":	[{
					"socket":	5,
					"start":	7.001031,
					"end":	8.001031,
					"seconds":	1,
					"bytes":	850395136,
					"bits_per_second":	6803161088,
					"retransmits":	79,
					"snd_cwnd":	1479776,
					"snd_wnd":	4939776,
					"rtt":	1692,
					"rttvar":	45,
					"pmtu":	1500,
					"omitted":	false,
					"sender":	true
				}],
			"sum":	{
				"start":	7.001031,
				"end":	8.001031,
				"seconds":	1,
				"bytes":	850395136,
				"bits_per_second":	6803161088,
				"retransmits":	79,
				"omitted":	false,
				"sender":	true
			}
		}, {
			"streams":	[{
					"socket":	5,
					"start":	8.001031,
					"end":	9.001029,
					"seconds":	0.99999797344207764,
					"bytes":	852099072,
					"bits_per_second":	6816806390.6529961,
					"retransmits":	45,
					"snd_cwnd":	1337164,
					"snd_wnd":	4939776,
					"rtt":	1512,
					"rttvar":	22,
					"pmtu":	1500,
					"omitted":	false,
					"sender":	true
				}],
			"sum":	{
				"start":	8.001031,
				"end":	9.001029,
				"seconds":	0.99999797344207764,
				"bytes":	852099072,
				"bits_per_second":	6816806390.6529961,
				"retransmits":	45,
				"omitted":	false,
				"sender":	true
			}
		}, {
			"streams":	[{
					"socket":	5,
					"start":	9.001029,
					"end":	10.001478,
					"seconds":	1.0004489421844482,
					"bytes":	851574784,
					"bits_per_second":	6809541181.7067947,
					"retransmits":	0,
					"snd_cwnd":	1759352,
					"snd_wnd":	4939776,
					"rtt":	2075,
					"rttvar":	24,
					"pmtu":	1500,
					"omitted":	false,
					"sender":	true
				}],
			"sum":	{
				"start":	9.001029,
				"end":	10.001478,
				"seconds":	1.0004489421844482,
				"bytes":	851574784,
				"bits_per_second":	6809541181.7067947,
				"retransmits":	0,
				"omitted":	false,
				"sender":	true
			}
		}],
	"end":	{
		"streams":	[{
				"sender":	{
					"socket":	5,
					"start":	0,
					"end":	10.001478,
					"seconds":	10.001478,
					"bytes":	8516009984,
					"bits_per_second":	6811801202.9822,
					"retransmits":	375,
					"max_snd_cwnd":	1995156,
					"max_snd_wnd":	4939776,
					"max_rtt":	2252,
					"min_rtt":	1390,
					"mean_rtt":	1829,
					"sender":	true
				},
				"receiver":	{
					"socket":	5,
					"start":	0,
					"end":	10.003517,
					"seconds":	10.001478,
					"bytes":	8514437120,
					"bits_per_second":	6809154916.2159662,
					"sender":	true
				}
			}],
		"sum_sent":	{
			"start":	0,
			"end":	10.001478,
			"seconds":	10.001478,
			"bytes":	8516009984,
			"bits_per_second":	6811801202.9822,
			"retransmits":	375,
			"sender":	true
		},
		"sum_received":	{
			"start":	0,
			"end":	10.003517,
			"seconds":	10.003517,
			"bytes":	8514437120,
			"bits_per_second":	6809154916.2159662,
			"sender":	true
		},
		"cpu_utilization_percent":	{
			"host_total":	13.245646043125191,
			"host_user":	0.099610415706535171,
			"host_system":	13.146035627418657,
			"remote_total":	25.227622308660656,