{
	"start":	{
		"connected":	[{
				"socket":	5,
				"local_host":	"10.206.0.11",
				"local_port":	40004,
				"remote_host":	"10.206.0.12",
				"remote_port":	5000
			}],
		"version":	"iperf 3.16",
		"system_info":	"Linux VM-0-11-ubuntu 6.8.0-71-generic #71-Ubuntu SMP PREEMPT_DYNAMIC Tue Jul 22 16:52:38 UTC 2025 x86_64",
		"timestamp":	{
			"time":	"Tue, 30 Dec 2025 12:18:32 GMT",
			"timesecs":	1767097112
		},
		"connecting_to":	{
			"host":	"10.206.0.12",
			"port":	5000
		},
		"cookie":	"migkcinyn4hozj6gxuivetnllx7olmyl4wp4",
		"tcp_mss_default":	1412,
		"target_bitrate":	0,
		"fq_rate":	0,
		"sock_bufsize":	0,
		"sndbuf_actual":	16384,
		"rcvbuf_actual":	131072,
		"test_start":	{
			"protocol":	"TCP",
			"num_streams":	1,
			"blksize":	131072,
			"omit":	0,
			"duration":	10,
			"bytes":	0,
			"blocks":	0,
			"reverse":	0,
			"tos":	0,
			"target_bitrate":	0,
			"bidir":	0,
			"fqrate":	0
		}
	},
	"intervals":	[{
			"streams":	[{
					"socket":	5,
					"start":	0,
					"end":	1.001029,
					"seconds":	1.0010290145874023,
					"bytes":	27394048,
					"bits_per_second":	218927104.815567,
					"retransmits":	0,
					"snd_cwnd":	1236912,
					"snd_wnd":	2565120,
					"rtt":	47013,
					"rttvar":	1584,
					"pmtu":	1500,
					"omitted":	false,
					"sender":	true
				}],
			"sum":	{
				"start":	0,
				"end":	1.001029,
				"seconds":	1.0010290145874023,
				"bytes":	27394048,
				"bits_per_second":	218927104.815567,
				"retransmits":	0,
				"omitted":	false,
				"sender":	true
			}
		}, {
			"streams":	[{
					"socket":	5,
					"start":	1.001029,
					"end":	2.001027,
					"seconds":	0.99999797344207764,
					"bytes":	23724032,
					"bits_per_second":	189792640.62577948,
					"retransmits":	640,
					"snd_cwnd":	1023700,
					"snd_wnd":	4319744,
					"rtt":	43835,
					"rttvar":	2134,
					"pmtu":	1500,
					"omitted":	false,
					"sender":	true
				}],
			"sum":	{
				"start":	1.001029,
				"end":	2.001027,
				"seconds":	0.99999797344207764,
				"bytes":	23724032,
				"bits_per_second":	189792640.62577948,
				"retransmits":	640,
				"omitted":	false,
				"sender":	true
			}
		}, {
			"streams":	[{
					"socket":	5,
					"start":	2.001027,
					"end":	3.001027,
					"seconds":	1,
					"bytes":	24379392,
					"bits_per_second":	195035136,
					"retransmits":	937,
					"snd_cwnd":	416540,
					"snd_wnd":	4880512,
					"rtt":	16313,
					"rttvar":	7,
					"pmtu":	1500,
					"omitted":	false,
					"sender":	true
				}],
			"sum":	{
				"start":	2.001027,
				"end":	3.001027,
				"seconds":	1,
				"bytes":	24379392,
				"bits_per_second":	195035136,
				"retransmits":	937,
				"omitted":	false,
				"sender":	true
			}
		}, {
			"streams":	[{
					"socket":	5,
					"start":	3.001027,
					"end":	4.00103,
					"seconds":	1.0000029802322388,
					"bytes":	22806528,
					"bits_per_second":	182451680.2516205,
					"retransmits":	0,
					"snd_cwnd":	457488,
					"snd_wnd":	4880128,
					"rtt":	18988,
					"rttvar":	98,
					"pmtu":	1500,
					"omitted":	false,
					"sender":	true
				}],
			"sum":	{
				"start":	3.001027,
				"end":	4.00103,
				"seconds":	1.0000029802322388,
				"bytes":	22806528,
				"bits_per_second":	182451680.2516205,
				"retransmits":	0,
				"omitted":	false,
				"sender":	true
			}
		}, {
			"streams":	[{
					"socket":	5,
					"start":	4.00103,
					"end":	5.001029,
					"seconds":	0.99999898672103882,
					"bytes":	24248320,
					"bits_per_second":	193986756.56269917,
					"retransmits":	0,
					"snd_cwnd":	495612,
					"snd_wnd":	4880896,
					"rtt":	19033,
					"rttvar":	7,
					"pmtu":	1500,
					"omitted":	false,
					"sender":	true
				}],
			"sum":	{
				"start":	4.00103,
				"end":	5.001029,
				"seconds":	0.99999898672103882,
				"bytes":	24248320,
				"bits_per_second":	193986756.56269917,
				"retransmits":	0,
				"omitted":	false,
				"sender":	true
			}
		}, {
			"streams":	[{
					"socket":	5,
					"start":	5.001029,
					"end":	6.001032,
					"seconds":	1.0000029802322388,
					"bytes":	24379392,
					"bits_per_second":	195034554.75173226,
					"retransmits":	0,
					"snd_cwnd":	530912,
					"snd_wnd":	4880512,
					"rtt":	21756,
					"rttvar":	9,
					"pmtu":	1500,
					"omitted":	false,
					"sender":	true
				}],
			"sum":	{
				"start":	5.001029,
				"end":	6.001032,
				"seconds":	1.0000029802322388,
				"bytes":	24379392,
				"bits_per_second":	195034554.75173226,
				"retransmits":	0,
				"omitted":	false,
				"sender":	true
			}
		}, {
			"streams":	[{
					"socket":	5,
					"start":	6.001032,
					"end":	7.001032,
					"seconds":	1,
					"bytes":	24248320,
					"bits_per_second":	193986560,
					"retransmits":	0,
					"snd_cwnd":	563388,
					"snd_wnd":	4880512,
					"rtt":	21756,
					"rttvar":	11,
					"pmtu":	1500,
					"omitted":	false,
					"sender":	true
				}],
			"sum":	{
				"start":	6.001032,
				"end":	7.001032,
				"seconds":	1,
				"bytes":	24248320,
				"bits_per_second":	193986560,
				"retransmits":	0,
				"omitted":	false,
				"sender":	true
			}
		}, {
			"streams":	[{
					"socket":	5,
					"start":	7.001032,
					"end":	8.001027,
					"seconds":	0.999994993209839,
					"bytes":	22806528,
					"bits_per_second":	182453137.50457373,
					"retransmits":	0,
					"snd_cwnd":	594452,
					"snd_wnd":	4880512,
					"rtt":	24476,
					"rttvar":	12,
					"pmtu":	1500,
					"omitted":	false,
					"sender":	true
				}],
			"sum":	{
				"start":	7.001032,
				"end":	8.001027,
				"seconds":	0.999994993209839,
				"bytes":	22806528,
				"bits_per_second":	182453137.50457373,
				"retransmits":	0,
				"omitted":	false,
				"sender":	true
			}
		}, {
			"streams":	[{
					"socket":	5,
					"start":	8.001027,
					"end":	9.001026,
					"seconds":	0.99999898672103882,
					"bytes":	24379392,
					"bits_per_second":	195035333.62520024,
					"retransmits":	0,
					"snd_cwnd":	624104,
					"snd_wnd":	4880512,
					"rtt":	24472,
					"rttvar":	14,
					"pmtu":	1500,
					"omitted":	false,
					"sender":	true
				}],
			"sum":	{
				"start":	8.001027,
				"end":	9.001026,
				"seconds":	0.99999898672103882,
				"bytes":	24379392,
				"bits_per_second":	195035333.62520024,
				"retransmits":	0,
				"omitted":	false,
				"sender":	true
			}
		}, {
			"streams":	[{
					"socket":	5,
					"start":	9.001026,
					"end":	10.001441,
					"seconds":	1.0004149675369263,
					"bytes":	24248320,
					"bits_per_second":	193906095.2652528,
					"retransmits":	0,
					"snd_cwnd":	652344,
					"snd_wnd":	4880512,
					"rtt":	27160,
					"rttvar":	86,
					"pmtu":	1500,
					"omitted":	false,
					"sender":	true
				}],
			"sum":	{
				"start":	9.001026,
				"end":	10.001441,
				"seconds":	1.0004149675369263,
				"bytes":	24248320,
				"bits_per_second":	193906095.2652528,
				"retransmits":	0,
				"omitted":	false,
				"sender":	true
			}
		}],
	"end":	{
		"streams":	[{
				"sender":	{
					"socket":	5,
					"start":	0,
					"end":	10.001441,
					"seconds":	10.001441,
					"bytes":	242614272,
					"bits_per_second":	194063453.05641457,
					"retransmits":	1577,
					"max_snd_cwnd":	1236912,
					"max_snd_wnd":	4880896,
					"max_rtt":	47013,
					"min_rtt":	16313,
					"mean_rtt":	26480,
					"sender":	true
				},
				"receiver":	{
					"socket":	5,
					"start":	0,
					"end":	10.031279,
					"seconds":	10.001441,
					"bytes":	239468544,
					"bits_per_second":	190977476.75047222,
					"sender":	true
				}
			}],
		"sum_sent":	{
			"start":	0,
			"end":	10.001441,
			"seconds":	10.001441,
			"bytes":	242614272,
			"bits_per_second":	194063453.05641457,
			"retransmits":	1577,
			"sender":	true
		},
		"sum_received":	{
			"start":	0,
			"end":	10.031279,
			"seconds":	10.031279,
			"bytes":	239468544,
			"bits_per_second":	190977476.75047222,
			"sender":	true
		},
		"cpu_utilization_percent":	{
			"host_total":	0.507638266922017,
			"host_user":	0,
			"host_system":	0.50764826393391,
			"remote_total":	0.86295017408535657,
			"remote_user":	0.011254788269420292,
			"remote_system":	0.8517053546275124
		},