{
	"start":	{
		"connected":	[{
				"socket":	5,
				"local_host":	"10.206.0.11",
				"local_port":	45104,
				"remote_host":	"10.206.0.12",
				"remote_port":	5201
			}],
		"version":	"iperf 3.16",
		"system_info":	"Linux VM-0-11-ubuntu 6.8.0-71-generic #71-Ubuntu SMP PREEMPT_DYNAMIC Tue Jul 22 16:52:38 UTC 2025 x86_64",
		"timestamp":	{
			"time":	"Tue, 30 Dec 2025 12:30:31 GMT",
			"timesecs":	1767097831
		},
		"connecting_to":	{
			"host":	"10.206.0.12",
			"port":	5201
		},
		"cookie":	"7aot5c7jdszpdx6yzvl2zuqcudva7risko26",
		"tcp_mss_default":	1412,
		"target_bitrate":	0,
		"fq_rate":	0,
		"sock_bufsize":	0,
		"sndbuf_actual":	16384,
		"rcvbuf_actual":	131072,
		"test_start":	{
			"protocol":	"TCP",
			"num_streams":	1,
			"blksize":	131072,
			"omit":	0,
			"duration":	10,
			"bytes":	0,
			"blocks":	0,
			"reverse":	0,
			"tos":	0,
			"target_bitrate":	0,
			"bidir":	0,
			"fqrate":	0
		}
	},
	"intervals":	[{
			"streams":	[{
					"socket":	5,
					"start":	0,
					"end":	1.001033,
					"seconds":	1.0010329484939575,
					"bytes":	1441792,
					"bits_per_second":	11522433.9192364,
					"retransmits":	2,
					"snd_cwnd":	48008,
					"snd_wnd":	594048,
					"rtt":	39326,
					"rttvar":	539,
					"pmtu":	1500,
					"omitted":	false,
					"sender":	true
				}],
			"sum":	{
				"start":	0,
				"end":	1.001033,
				"seconds":	1.0010329484939575,
				"bytes":	1441792,
				"bits_per_second":	11522433.9192364,
				"retransmits":	2,
				"omitted":	false,
				"sender":	true
			}
		}, {
			"streams":	[{
					"socket":	5,
					"start":	1.001033,
					"end":	2.001023,
					"seconds":	0.99998998641967773,
					"bytes":	1179648,
					"bits_per_second":	9437278.50094629,
					"retransmits":	3,
					"snd_cwnd":	46596,
					"snd_wnd":	595200,
					"rtt":	38028,
					"rttvar":	794,
					"pmtu":	1500,
					"omitted":	false,
					"sender":	true
				}],
			"sum":	{
				"start":	1.001033,
				"end":	2.001023,
				"seconds":	0.99998998641967773,
				"bytes":	1179648,
				"bits_per_second":	9437278.50094629,
				"retransmits":	3,
				"omitted":	false,
				"sender":	true
			}
		}, {
			"streams":	[{
					"socket":	5,
					"start":	2.001023,
					"end":	3.00103,
					"seconds":	1.0000070333480835,
					"bytes":	1179648,
					"bits_per_second":	9437117.6254668348,
					"retransmits":	3,
					"snd_cwnd":	45184,
					"snd_wnd":	595200,
					"rtt":	37566,
					"rttvar":	800,
					"pmtu":	1500,
					"omitted":	false,
					"sender":	true
				}],
			"sum":	{
				"start":	2.001023,
				"end":	3.00103,
				"seconds":	1.0000070333480835,
				"bytes":	1179648,
				"bits_per_second":	9437117.6254668348,
				"retransmits":	3,
				"omitted":	false,
				"sender":	true
			}
		}, {
			"streams":	[{
					"socket":	5,
					"start":	3.00103,
					"end":	4.001028,
					"seconds":	0.99999797344207764,
					"bytes":	1310720,
					"bits_per_second":	10485781.250043064,
					"retransmits":	1,
					"snd_cwnd":	45184,
					"snd_wnd":	595200,
					"rtt":	37939,
					"rttvar":	1153,
					"pmtu":	1500,
					"omitted":	false,
					"sender":	true
				}],
			"sum":	{
				"start":	3.00103,
				"end":	4.001028,
				"seconds":	0.99999797344207764,
				"bytes":	1310720,
				"bits_per_second":	10485781.250043064,
				"retransmits":	1,
				"omitted":	false,
				"sender":	true
			}
		}, {
			"streams":	[{
					"socket":	5,
					"start":	4.001028,
					"end":	5.001026,
					"seconds":	0.99999797344207764,
					"bytes":	1048576,
					"bits_per_second":	8388625.00003445,
					"retransmits":	1,
					"snd_cwnd":	46596,
					"snd_wnd":	595200,
					"rtt":	37477,
					"rttvar":	992,
					"pmtu":	1500,
					"omitted":	false,
					"sender":	true
				}],
			"sum":	{
				"start":	4.001028,
				"end":	5.001026,
				"seconds":	0.99999797344207764,
				"bytes":	1048576,
				"bits_per_second":	8388625.00003445,
				"retransmits":	1,
				"omitted":	false,
				"sender":	true
			}
		}, {
			"streams":	[{
					"socket":	5,
					"start":	5.001026,
					"end":	6.001029,
					"seconds":	1.0000029802322388,
					"bytes":	1179648,
					"bits_per_second":	9437155.87508382,
					"retransmits":	1,
					"snd_cwnd":	43772,
					"snd_wnd":	595200,
					"rtt":	36750,
					"rttvar":	655,
					"pmtu":	1500,
					"omitted":	false,
					"sender":	true
				}],
			"sum":	{
				"start":	5.001026,
				"end":	6.001029,
				"seconds":	1.0000029802322388,
				"bytes":	1179648,
				"bits_per_second":	9437155.87508382,
				"retransmits":	1,
				"omitted":	false,
				"sender":	true
			}
		}, {
			"streams":	[{
					"socket":	5,
					"start":	6.001029,
					"end":	7.001031,
					"seconds":	1.0000020265579224,
					"bytes":	1179648,
					"bits_per_second":	9437164.87503876,
					"retransmits":	3,
					"snd_cwnd":	45184,
					"snd_wnd":	595200,
					"rtt":	36839,
					"rttvar":	875,
					"pmtu":	1500,
					"omitted":	false,
					"sender":	true
				}],
			"sum":	{
				"start":	6.001029,
				"end":	7.001031,
				"seconds":	1.0000020265579224,
				"bytes":	1179648,
				"bits_per_second":	9437164.87503876,
				"retransmits":	3,
				"omitted":	false,
				"sender":	true
			}
		}, {
			"streams":	[{
					"socket":	5,
					"start":	7.001031,
					"end":	8.001034,
					"seconds":	1.0000029802322388,
					"bytes":	1310720,
					"bits_per_second":	10485728.750093132,
					"retransmits":	1,
					"snd_cwnd":	45184,
					"snd_wnd":	595200,
					"rtt":	36658,
					"rttvar":	685,
					"pmtu":	1500,
					"omitted":	false,
					"sender":	true
				}],
			"sum":	{
				"start":	7.001031,
				"end":	8.001034,
				"seconds":	1.0000029802322388,
				"bytes":	1310720,
				"bits_per_second":	10485728.750093132,
				"retransmits":	1,
				"omitted":	false,
				"sender":	true
			}
		}, {
			"streams":	[{
					"socket":	5,
					"start":	8.001034,
					"end":	9.001021,
					"seconds":	0.999987006187439,
					"bytes":	1179648,
					"bits_per_second":	9437306.6265933868,
					"retransmits":	1,
					"snd_cwnd":	45184,
					"snd_wnd":	593024,
					"rtt":	37295,
					"rttvar":	698,
					"pmtu":	1500,
					"omitted":	false,
					"sender":	true
				}],
			"sum":	{
				"start":	8.001034,
				"end":	9.001021,
				"seconds":	0.999987006187439,
				"bytes":	1179648,
				"bits_per_second":	9437306.6265933868,
				"retransmits":	1,
				"omitted":	false,
				"sender":	true
			}
		}, {
			"streams":	[{
					"socket":	5,
					"start":	9.001021,
					"end":	10.001419,
					"seconds":	1.00039803981781,
					"bytes":	1179648,
					"bits_per_second":	9433429.1195919141,
					"retransmits":	1,
					"snd_cwnd":	45184,
					"snd_wnd":	595200,
					"rtt":	37007,
					"rttvar":	686,
					"pmtu":	1500,
					"omitted":	false,
					"sender":	true
				}],
			"sum":	{
				"start":	9.001021,
				"end":	10.001419,
				"seconds":	1.00039803981781,
				"bytes":	1179648,
				"bits_per_second":	9433429.1195919141,
				"retransmits":	1,
				"omitted":	false,
				"sender":	true
			}
		}],
	"end":	{
		"streams":	[{
				"sender":	{
					"socket":	5,
					"start":	0,
					"end":	10.001419,
					"seconds":	10.001419,
					"bytes":	12189696,
					"bits_per_second":	9750373.22203979,
					"retransmits":	17,
					"max_snd_cwnd":	48008,
					"max_snd_wnd":	595200,
					"max_rtt":	39326,
					"min_rtt":	36658,
					"mean_rtt":	37488,
					"sender":	true
				},
				"receiver":	{
					"socket":	5,
					"start":	0,
					"end":	10.038794,
					"seconds":	10.001419,
					"bytes":	11927552,
					"bits_per_second":	9505167.2541542351,
					"sender":	true
				}
			}],
		"sum_sent":	{
			"start":	0,
			"end":	10.001419,
			"seconds":	10.001419,
			"bytes":	12189696,
			"bits_per_second":	9750373.22203979,
			"retransmits":	17,
			"sender":	true
		},
		"sum_received":	{
			"start":	0,
			"end":	10.038794,
			"seconds":	10.038794,
			"bytes":	11927552,
			"bits_per_second":	9505167.2541542351,
			"sender":	true
		},
		"cpu_utilization_percent":	{
			"host_total":	0.060421420413222932,
			"host_user":	0,
			"host_system":	0.060421420413222932,
			"remote_total":	0.772601995217757,
			"remote_user":	0.0659839558576898,