{
	"start":	{
		"connected":	[{
				"socket":	5,
				"local_host":	"10.206.0.11",
				"local_port":	54602,
				"remote_host":	"10.206.0.12",
				"remote_port":	5201
			}],
		"version":	"iperf 3.16",
		"system_info":	"Linux VM-0-11-ubuntu 6.8.0-71-generic #71-Ubuntu SMP PREEMPT_DYNAMIC Tue Jul 22 16:52:38 UTC 2025 x86_64",
		"timestamp":	{
			"time":	"Tue, 30 Dec 2025 12:30:47 GMT",
			"timesecs":	1767097847
		},
		"connecting_to":	{
			"host":	"10.206.0.12",
			"port":	5201
		},
		"cookie":	"asiufpeqei2a4fl5xziq5gaaim2trli7t56p",
		"tcp_mss_default":	1412,
		"target_bitrate":	0,
		"fq_rate":	0,
		"sock_bufsize":	0,
		"sndbuf_actual":	16384,
		"rcvbuf_actual":	131072,
		"test_start":	{
			"protocol":	"TCP",
			"num_streams":	1,
			"blksize":	131072,
			"omit":	0,
			"duration":	10,
			"bytes":	0,
			"blocks":	0,
			"reverse":	0,
			"tos":	0,
			"target_bitrate":	0,
			"bidir":	0,
			"fqrate":	0
		}
	},
	"intervals":	[{
			"streams":	[{
					"socket":	5,
					"start":	0,
					"end":	1.001032,
					"seconds":	1.0010319948196411,
					"bytes":	6553600,
					"bits_per_second":	52374749.529805243,
					"retransmits":	32,
					"snd_cwnd":	83308,
					"snd_wnd":	517248,
					"rtt":	13012,
					"rttvar":	583,
					"pmtu":	1500,
					"omitted":	false,
					"sender":	true
				}],
			"sum":	{
				"start":	0,
				"end":	1.001032,
				"seconds":	1.0010319948196411,
				"bytes":	6553600,
				"bits_per_second":	52374749.529805243,
				"retransmits":	32,
				"omitted":	false,
				"sender":	true
			}
		}, {
			"streams":	[{
					"socket":	5,
					"start":	1.001032,
					"end":	2.001029,
					"seconds":	0.99999701976776123,
					"bytes":	5898240,
					"bits_per_second":	47186060.6254191,
					"retransmits":	8,
					"snd_cwnd":	87544,
					"snd_wnd":	518400,
					"rtt":	13702,
					"rttvar":	849,
					"pmtu":	1500,
					"omitted":	false,
					"sender":	true
				}],
			"sum":	{
				"start":	1.001032,
				"end":	2.001029,
				"seconds":	0.99999701976776123,
				"bytes":	5898240,
				"bits_per_second":	47186060.6254191,
				"retransmits":	8,
				"omitted":	false,
				"sender":	true
			}
		}, {
			"streams":	[{
					"socket":	5,
					"start":	2.001029,
					"end":	3.001032,
					"seconds":	1.0000029802322388,
					"bytes":	6029312,
					"bits_per_second":	48234352.2504284,
					"retransmits":	20,
					"snd_cwnd":	86132,
					"snd_wnd":	518400,
					"rtt":	13578,
					"rttvar":	698,
					"pmtu":	1500,
					"omitted":	false,
					"sender":	true
				}],
			"sum":	{
				"start":	2.001029,
				"end":	3.001032,
				"seconds":	1.0000029802322388,
				"bytes":	6029312,
				"bits_per_second":	48234352.2504284,
				"retransmits":	20,
				"omitted":	false,
				"sender":	true
			}
		}, {
			"streams":	[{
					"socket":	5,
					"start":	3.001032,
					"end":	4.001029,
					"seconds":	0.99999701976776123,
					"bytes":	6029312,
					"bits_per_second":	48234639.7504284,
					"retransmits":	36,
					"snd_cwnd":	53656,
					"snd_wnd":	518400,
					"rtt":	7957,
					"rttvar":	323,
					"pmtu":	1500,
					"omitted":	false,
					"sender":	true
				}],
			"sum":	{
				"start":	3.001032,
				"end":	4.001029,
				"seconds":	0.99999701976776123,
				"bytes":	6029312,
				"bits_per_second":	48234639.7504284,
				"retransmits":	36,
				"omitted":	false,
				"sender":	true
			}
		}, {
			"streams":	[{
					"socket":	5,
					"start":	4.001029,
					"end":	5.001028,
					"seconds":	0.99999898672103882,
					"bytes":	5898240,
					"bits_per_second":	47185967.812548451,
					"retransmits":	0,
					"snd_cwnd":	108724,
					"snd_wnd":	518400,
					"rtt":	18075,
					"rttvar":	448,
					"pmtu":	1500,
					"omitted":	false,
					"sender":	true
				}],
			"sum":	{
				"start":	4.001029,
				"end":	5.001028,
				"seconds":	0.99999898672103882,
				"bytes":	5898240,
				"bits_per_second":	47185967.812548451,
				"retransmits":	0,
				"omitted":	false,
				"sender":	true
			}
		}, {
			"streams":	[{
					"socket":	5,
					"start":	5.001028,
					"end":	6.001031,
					"seconds":	1.0000029802322388,
					"bytes":	6029312,
					"bits_per_second":	48234352.2504284,
					"retransmits":	34,
					"snd_cwnd":	94604,
					"snd_wnd":	518400,
					"rtt":	15285,
					"rttvar":	680,
					"pmtu":	1500,
					"omitted":	false,
					"sender":	true
				}],
			"sum":	{
				"start":	5.001028,
				"end":	6.001031,
				"seconds":	1.0000029802322388,
				"bytes":	6029312,
				"bits_per_second":	48234352.2504284,
				"retransmits":	34,
				"omitted":	false,
				"sender":	true
			}
		}, {
			"streams":	[{
					"socket":	5,
					"start":	6.001031,
					"end":	7.001031,
					"seconds":	1,
					"bytes":	5898240,
					"bits_per_second":	47185920,
					"retransmits":	30,
					"snd_cwnd":	72012,
					"snd_wnd":	518400,
					"rtt":	11215,
					"rttvar":	426,
					"pmtu":	1500,
					"omitted":	false,
					"sender":	true
				}],
			"sum":	{
				"start":	6.001031,
				"end":	7.001031,
				"seconds":	1,
				"bytes":	5898240,
				"bits_per_second":	47185920,
				"retransmits":	30,
				"omitted":	false,
				"sender":	true
			}
		}, {
			"streams":	[{
					"socket":	5,
					"start":	7.001031,
					"end":	8.00104,
					"seconds":	1.0000089406967163,
					"bytes":	5898240,
					"bits_per_second":	47185498.128771819,
					"retransmits":	13,
					"snd_cwnd":	80484,
					"snd_wnd":	518400,
					"rtt":	12390,
					"rttvar":	635,
					"pmtu":	1500,
					"omitted":	false,
					"sender":	true
				}],
			"sum":	{
				"start":	7.001031,
				"end":	8.00104,
				"seconds":	1.0000089406967163,
				"bytes":	5898240,
				"bits_per_second":	47185498.128771819,
				"retransmits":	13,
				"omitted":	false,
				"sender":	true
			}
		}, {
			"streams":	[{
					"socket":	5,
					"start":	8.00104,
					"end":	9.001032,
					"seconds":	0.9999920129776,
					"bytes":	6029312,
					"bits_per_second":	48234881.253077023,
					"retransmits":	16,
					"snd_cwnd":	49420,
					"snd_wnd":	513152,
					"rtt":	7754,
					"rttvar":	505,
					"pmtu":	1500,
					"omitted":	false,
					"sender":	true
				}],
			"sum":	{
				"start":	8.00104,
				"end":	9.001032,
				"seconds":	0.9999920129776,
				"bytes":	6029312,
				"bits_per_second":	48234881.253077023,
				"retransmits":	16,
				"omitted":	false,
				"sender":	true
			}
		}, {
			"streams":	[{
					"socket":	5,
					"start":	9.001032,
					"end":	10.00136,
					"seconds":	1.0003279447555542,
					"bytes":	6029312,
					"bits_per_second":	48218682.935811467,
					"retransmits":	20,
					"snd_cwnd":	50832,
					"snd_wnd":	518400,
					"rtt":	7654,
					"rttvar":	233,
					"pmtu":	1500,
					"omitted":	false,
					"sender":	true
				}],
			"sum":	{
				"start":	9.001032,
				"end":	10.00136,
				"seconds":	1.0003279447555542,
				"bytes":	6029312,
				"bits_per_second":	48218682.935811467,
				"retransmits":	20,
				"omitted":	false,
				"sender":	true
			}
		}],
	"end":	{
		"streams":	[{
				"sender":	{
					"socket":	5,
					"start":	0,
					"end":	10.00136,
					"seconds":	10.00136,
					"bytes":	60293120,
					"bits_per_second":	48227937.000567921,
					"retransmits":	209,
					"max_snd_cwnd":	108724,
					"max_snd_wnd":	518400,
					"max_rtt":	18075,
					"min_rtt":	7654,
					"mean_rtt":	12062,
					"sender":	true
				},
				"receiver":	{
					"socket":	5,
					"start":	0,
					"end":	10.009746,
					"seconds":	10.00136,
					"bytes":	59637760,
					"bits_per_second":	47663754.9044701,
					"sender":	true
				}
			}],
		"sum_sent":	{
			"start":	0,
			"end":	10.00136,
			"seconds":	10.00136,
			"bytes":	60293120,
			"bits_per_second":	48227937.000567921,
			"retransmits":	209,
			"sender":	true
		},
		"sum_received":	{
			"start":	0,
			"end":	10.009746,
			"seconds":	10.009746,
			"bytes":	59637760,
			"bits_per_second":	47663754.9044701,
			"sender":	true
		},
		"cpu_utilization_percent":	{
			"host_total":	0.17539680214990794,
			"host_user":	0,
			"host_system":	0.17539680214990794,
			"remote_total":	1.5561421389576608,
			"remote_user":	0.15513867773373852,
			"remote_system":	1.4010034612239222
		},