{
	"start":	{
		"connected":	[{
				"socket":	5,
				"local_host":	"10.206.0.11",
				"local_port":	51440,
				"remote_host":	"10.206.0.12",
				"remote_port":	5201
			}],
		"version":	"iperf 3.16",
		"system_info":	"Linux VM-0-11-ubuntu 6.8.0-71-generic #71-Ubuntu SMP PREEMPT_DYNAMIC Tue Jul 22 16:52:38 UTC 2025 x86_64",
		"timestamp":	{
			"time":	"Tue, 30 Dec 2025 12:31:20 GMT",
			"timesecs":	1767097880
		},
		"connecting_to":	{
			"host":	"10.206.0.12",
			"port":	5201
		},
		"cookie":	"vvco5ilsqvsm64jzirdsrcuvsdvzxs4gxmp5",
		"tcp_mss_default":	1412,
		"target_bitrate":	0,
		"fq_rate":	0,
		"sock_bufsize":	0,
		"sndbuf_actual":	16384,
		"rcvbuf_actual":	131072,
		"test_start":	{
			"protocol":	"TCP",
			"num_streams":	1,
			"blksize":	131072,
			"omit":	0,
			"duration":	10,
			"bytes":	0,
			"blocks":	0,
			"reverse":	0,
			"tos":	0,
			"target_bitrate":	0,
			"bidir":	0,
			"fqrate":	0
		}
	},
	"intervals":	[{
			"streams":	[{
					"socket":	5,
					"start":	0,
					"end":	1.001034,
					"seconds":	1.0010340213775635,
					"bytes":	120717312,
					"bits_per_second":	964740933.25120771,
					"retransmits":	143,
					"snd_cwnd":	141200,
					"snd_wnd":	3145728,
					"rtt":	1046,
					"rttvar":	83,
					"pmtu":	1500,
					"omitted":	false,
					"sender":	true
				}],
			"sum":	{
				"start":	0,
				"end":	1.001034,
				"seconds":	1.0010340213775635,
				"bytes":	120717312,
				"bits_per_second":	964740933.25120771,
				"retransmits":	143,
				"omitted":	false,
				"sender":	true
			}
		}, {
			"streams":	[{
					"socket":	5,
					"start":	1.001034,
					"end":	2.001033,
					"seconds":	0.99999898672103882,
					"bytes":	119406592,
					"bits_per_second":	955253703.93848073,
					"retransmits":	57,
					"snd_cwnd":	189208,
					"snd_wnd":	3145728,
					"rtt":	1256,
					"rttvar":	132,
					"pmtu":	1500,
					"omitted":	false,
					"sender":	true
				}],
			"sum":	{
				"start":	1.001034,
				"end":	2.001033,
				"seconds":	0.99999898672103882,
				"bytes":	119406592,
				"bits_per_second":	955253703.93848073,
				"retransmits":	57,
				"omitted":	false,
				"sender":	true
			}
		}, {
			"streams":	[{
					"socket":	5,
					"start":	2.001033,
					"end":	3.001026,
					"seconds":	0.99999302625656128,
					"bytes":	118882304,
					"bits_per_second":	951065064.4837532,
					"retransmits":	91,
					"snd_cwnd":	158144,
					"snd_wnd":	3145728,
					"rtt":	1139,
					"rttvar":	143,
					"pmtu":	1500,
					"omitted":	false,
					"sender":	true
				}],
			"sum":	{
				"start":	2.001033,
				"end":	3.001026,
				"seconds":	0.99999302625656128,
				"bytes":	118882304,
				"bits_per_second":	951065064.4837532,
				"retransmits":	91,
				"omitted":	false,
				"sender":	true
			}
		}, {
			"streams":	[{
					"socket":	5,
					"start":	3.001026,
					"end":	4.001029,
					"seconds":	1.0000029802322388,
					"bytes":	119668736,
					"bits_per_second":	957347034.883503,
					"retransmits":	60,
					"snd_cwnd":	177912,
					"snd_wnd":	3145728,
					"rtt":	1255,
					"rttvar":	155,
					"pmtu":	1500,
					"omitted":	false,
					"sender":	true
				}],
			"sum":	{
				"start":	3.001026,
				"end":	4.001029,
				"seconds":	1.0000029802322388,
				"bytes":	119668736,
				"bits_per_second":	957347034.883503,
				"retransmits":	60,
				"omitted":	false,
				"sender":	true
			}
		}, {
			"streams":	[{
					"socket":	5,
					"start":	4.001029,
					"end":	5.001041,
					"seconds":	1.0000120401382446,
					"bytes":	118751232,
					"bits_per_second":	949998417.88771641,
					"retransmits":	78,
					"snd_cwnd":	112960,
					"snd_wnd":	3145728,
					"rtt":	891,
					"rttvar":	71,
					"pmtu":	1500,
					"omitted":	false,
					"sender":	true
				}],
			"sum":	{
				"start":	4.001029,
				"end":	5.001041,
				"seconds":	1.0000120401382446,
				"bytes":	118751232,
				"bits_per_second":	949998417.88771641,
				"retransmits":	78,
				"omitted":	false,
				"sender":	true
			}
		}, {
			"streams":	[{
					"socket":	5,
					"start":	5.001041,
					"end":	6.001029,
					"seconds":	0.9999880194664,
					"bytes":	119537664,
					"bits_per_second":	956312769.13726258,
					"retransmits":	65,
					"snd_cwnd":	193444,
					"snd_wnd":	3145728,
					"rtt":	1349,
					"rttvar":	111,
					"pmtu":	1500,
					"omitted":	false,
					"sender":	true
				}],
			"sum":	{
				"start":	5.001041,
				"end":	6.001029,
				"seconds":	0.9999880194664,
				"bytes":	119537664,
				"bits_per_second":	956312769.13726258,
				"retransmits":	65,
				"omitted":	false,
				"sender":	true
			}
		}, {
			"streams":	[{
					"socket":	5,
					"start":	6.001029,
					"end":	7.000622,
					"seconds":	0.99959301948547363,
					"bytes":	119275520,
					"bits_per_second":	954592660.612179,
					"retransmits":	91,
					"snd_cwnd":	142612,
					"snd_wnd":	3145728,
					"rtt":	1053,
					"rttvar":	95,
					"pmtu":	1500,
					"omitted":	false,
					"sender":	true
				}],
			"sum":	{
				"start":	6.001029,
				"end":	7.000622,
				"seconds":	0.99959301948547363,
				"bytes":	119275520,
				"bits_per_second":	954592660.612179,
				"retransmits":	91,
				"omitted":	false,
				"sender":	true
			}
		}, {
			"streams":	[{
					"socket":	5,
					"start":	7.000622,
					"end":	8.001034,
					"seconds":	1.0004119873046875,
					"bytes":	119144448,
					"bits_per_second":	952763057.715846,
					"retransmits":	40,
					"snd_cwnd":	156732,
					"snd_wnd":	3145728,
					"rtt":	1156,
					"rttvar":	123,
					"pmtu":	1500,
					"omitted":	false,
					"sender":	true
				}],
			"sum":	{
				"start":	7.000622,
				"end":	8.001034,
				"seconds":	1.0004119873046875,
				"bytes":	119144448,
				"bits_per_second":	952763057.715846,
				"retransmits":	40,
				"omitted":	false,
				"sender":	true
			}
		}, {
			"streams":	[{
					"socket":	5,
					"start":	8.001034,
					"end":	9.001033,
					"seconds":	0.99999898672103882,
					"bytes":	118882304,
					"bits_per_second":	951059395.68847644,
					"retransmits":	83,
					"snd_cwnd":	196268,
					"snd_wnd":	3145728,
					"rtt":	1403,
					"rttvar":	120,
					"pmtu":	1500,
					"omitted":	false,
					"sender":	true
				}],
			"sum":	{
				"start":	8.001034,
				"end":	9.001033,
				"seconds":	0.99999898672103882,
				"bytes":	118882304,
				"bits_per_second":	951059395.68847644,
				"retransmits":	83,
				"omitted":	false,
				"sender":	true
			}
		}, {
			"streams":	[{
					"socket":	5,
					"start":	9.001033,
					"end":	10.001427,
					"seconds":	1.0003939867019653,
					"bytes":	119537664,
					"bits_per_second":	955924690.38390839,
					"retransmits":	33,
					"snd_cwnd":	208976,
					"snd_wnd":	3145728,
					"rtt":	1507,
					"rttvar":	165,
					"pmtu":	1500,
					"omitted":	false,
					"sender":	true
				}],
			"sum":	{
				"start":	9.001033,
				"end":	10.001427,
				"seconds":	1.0003939867019653,
				"bytes":	119537664,
				"bits_per_second":	955924690.38390839,
				"retransmits":	33,
				"omitted":	false,
				"sender":	true
			}
		}],
	"end":	{
		"streams":	[{
				"sender":	{
					"socket":	5,
					"start":	0,
					"end":	10.001427,
					"seconds":	10.001427,
					"bytes":	1193803776,
					"bits_per_second":	954906755.605975,
					"retransmits":	741,
					"max_snd_cwnd":	208976,
					"max_snd_wnd":	3145728,
					"max_rtt":	1507,
					"min_rtt":	891,
					"mean_rtt":	1205,
					"sender":	true
				},
				"receiver":	{
					"socket":	5,
					"start":	0,
					"end":	10.003012,
					"seconds":	10.001427,
					"bytes":	1192624128,
					"bits_per_second":	953812014.22131658,
					"sender":	true
				}
			}],
		"sum_sent":	{
			"start":	0,
			"end":	10.001427,
			"seconds":	10.001427,
			"bytes":	1193803776,
			"bits_per_second":	954906755.605975,
			"retransmits":	741,
			"sender":	true
		},
		"sum_received":	{
			"start":	0,
			"end":	10.003012,
			"seconds":	10.003012,
			"bytes":	1192624128,
			"bits_per_second":	953812014.22131658,
			"sender":	true
		},
		"cpu_utilization_percent":	{
			"host_total":	2.6791758854976209,
			"host_user":	0.019633960593721373,
			"host_system":	2.6595419249039,