{
	"start":	{
		"connected":	[{
				"socket":	5,
				"local_host":	"10.206.0.11",
				"local_port":	55510,
				"remote_host":	"10.206.0.12",
				"remote_port":	5000
			}],
		"version":	"iperf 3.16",
		"system_info":	"Linux VM-0-11-ubuntu 6.8.0-71-generic #71-Ubuntu SMP PREEMPT_DYNAMIC Tue Jul 22 16:52:38 UTC 2025 x86_64",
		"timestamp":	{
			"time":	"Tue, 30 Dec 2025 12:18:12 GMT",
			"timesecs":	1767097092
		},
		"connecting_to":	{
			"host":	"10.206.0.12",
			"port":	5000
		},
		"cookie":	"cytuoisb6nd4ka7djmtynkavjlqqq4ylku2p",
		"tcp_mss_default":	1412,
		"target_bitrate":	0,
		"fq_rate":	0,
		"sock_bufsize":	0,
		"sndbuf_actual":	16384,
		"rcvbuf_actual":	131072,
		"test_start":	{
			"protocol":	"TCP",
			"num_streams":	1,
			"blksize":	131072,
			"omit":	0,
			"duration":	10,
			"bytes":	0,
			"blocks":	0,
			"reverse":	0,
			"tos":	0,
			"target_bitrate":	0,
			"bidir":	0,
			"fqrate":	0
		}
	},
	"intervals":	[{
			"streams":	[{
					"socket":	5,
					"start":	0,
					"end":	1.001031,
					"seconds":	1.0010310411453247,
					"bytes":	7602176,
					"bits_per_second":	60754767.335102879,
					"retransmits":	0,
					"snd_cwnd":	337468,
					"snd_wnd":	1344896,
					"rtt":	45259,
					"rttvar":	3341,
					"pmtu":	1500,
					"omitted":	false,
					"sender":	true
				}],
			"sum":	{
				"start":	0,
				"end":	1.001031,
				"seconds":	1.0010310411453247,
				"bytes":	7602176,
				"bits_per_second":	60754767.335102879,
				"retransmits":	0,
				"omitted":	false,
				"sender":	true
			}
		}, {
			"streams":	[{
					"socket":	5,
					"start":	1.001031,
					"end":	2.001045,
					"seconds":	1.0000139474868774,
					"bytes":	7077888,
					"bits_per_second":	56622314.261014871,
					"retransmits":	0,
					"snd_cwnd":	635400,
					"snd_wnd":	1441408,
					"rtt":	93333,
					"rttvar":	6222,
					"pmtu":	1500,
					"omitted":	false,
					"sender":	true
				}],
			"sum":	{
				"start":	1.001031,
				"end":	2.001045,
				"seconds":	1.0000139474868774,
				"bytes":	7077888,
				"bits_per_second":	56622314.261014871,
				"retransmits":	0,
				"omitted":	false,
				"sender":	true
			}
		}, {
			"streams":	[{
					"socket":	5,
					"start":	2.001045,
					"end":	3.00105,
					"seconds":	1.0000050067901611,
					"bytes":	7077888,
					"bits_per_second":	56622820.501419418,
					"retransmits":	0,
					"snd_cwnd":	934744,
					"snd_wnd":	1870976,
					"rtt":	139854,
					"rttvar":	2835,
					"pmtu":	1500,
					"omitted":	false,
					"sender":	true
				}],
			"sum":	{
				"start":	2.001045,
				"end":	3.00105,
				"seconds":	1.0000050067901611,
				"bytes":	7077888,
				"bits_per_second":	56622820.501419418,
				"retransmits":	0,
				"omitted":	false,
				"sender":	true
			}
		}, {
			"streams":	[{
					"socket":	5,
					"start":	3.00105,
					"end":	4.001028,
					"seconds":	0.999978005886078,
					"bytes":	5636096,
					"bits_per_second":	45089759.709311768,
					"retransmits":	0,
					"snd_cwnd":	1232676,
					"snd_wnd":	2685952,
					"rtt":	186934,
					"rttvar":	5471,
					"pmtu":	1500,
					"omitted":	false,
					"sender":	true
				}],
			"sum":	{
				"start":	3.00105,
				"end":	4.001028,
				"seconds":	0.999978005886078,
				"bytes":	5636096,
				"bits_per_second":	45089759.709311768,
				"retransmits":	0,
				"omitted":	false,
				"sender":	true
			}
		}, {
			"streams":	[{
					"socket":	5,
					"start":	4.001028,
					"end":	5.001027,
					"seconds":	0.99999898672103882,
					"bytes":	5767168,
					"bits_per_second":	46137390.750047371,
					"retransmits":	0,
					"snd_cwnd":	1532020,
					"snd_wnd":	3592832,
					"rtt":	236261,
					"rttvar":	4864,
					"pmtu":	1500,
					"omitted":	false,
					"sender":	true
				}],
			"sum":	{
				"start":	4.001028,
				"end":	5.001027,
				"seconds":	0.99999898672103882,
				"bytes":	5767168,
				"bits_per_second":	46137390.750047371,
				"retransmits":	0,
				"omitted":	false,
				"sender":	true
			}
		}, {
			"streams":	[{
					"socket":	5,
					"start":	5.001027,
					"end":	6.001025,
					"seconds":	0.99999797344207764,
					"bytes":	5767168,
					"bits_per_second":	46137437.500189483,
					"retransmits":	0,
					"snd_cwnd":	1831364,
					"snd_wnd":	3852544,
					"rtt":	281770,
					"rttvar":	1967,
					"pmtu":	1500,
					"omitted":	false,
					"sender":	true
				}],
			"sum":	{
				"start":	5.001027,
				"end":	6.001025,
				"seconds":	0.99999797344207764,
				"bytes":	5767168,
				"bits_per_second":	46137437.500189483,
				"retransmits":	0,
				"omitted":	false,
				"sender":	true
			}
		}, {
			"streams":	[{
					"socket":	5,
					"start":	6.001025,
					"end":	7.001035,
					"seconds":	1.0000100135803223,
					"bytes":	5636096,
					"bits_per_second":	45088316.504521087,
					"retransmits":	0,
					"snd_cwnd":	2126472,
					"snd_wnd":	4461952,
					"rtt":	330426,
					"rttvar":	6677,
					"pmtu":	1500,
					"omitted":	false,
					"sender":	true
				}],
			"sum":	{
				"start":	6.001025,
				"end":	7.001035,
				"seconds":	1.0000100135803223,
				"bytes":	5636096,
				"bits_per_second":	45088316.504521087,
				"retransmits":	0,
				"omitted":	false,
				"sender":	true
			}
		}, {
			"streams":	[{
					"socket":	5,
					"start":	7.001035,
					"end":	8.001025,
					"seconds":	0.99998998641967773,
					"bytes":	5111808,
					"bits_per_second":	40894873.5041006,
					"retransmits":	380,
					"snd_cwnd":	1101360,
					"snd_wnd":	3983104,
					"rtt":	197318,
					"rttvar":	6282,
					"pmtu":	1500,
					"omitted":	false,
					"sender":	true
				}],
			"sum":	{
				"start":	7.001035,
				"end":	8.001025,
				"seconds":	0.99998998641967773,
				"bytes":	5111808,
				"bits_per_second":	40894873.5041006,
				"retransmits":	380,
				"omitted":	false,
				"sender":	true
			}
		}, {
			"streams":	[{
					"socket":	5,
					"start":	8.001025,
					"end":	9.001027,
					"seconds":	1.0000020265579224,
					"bytes":	7340032,
					"bits_per_second":	58720137.00024116,
					"retransmits":	1106,
					"snd_cwnd":	199092,
					"snd_wnd":	4880512,
					"rtt":	32145,
					"rttvar":	931,
					"pmtu":	1500,
					"omitted":	false,
					"sender":	true
				}],
			"sum":	{
				"start":	8.001025,
				"end":	9.001027,
				"seconds":	1.0000020265579224,
				"bytes":	7340032,
				"bits_per_second":	58720137.00024116,
				"retransmits":	1106,
				"omitted":	false,
				"sender":	true
			}
		}, {
			"streams":	[{
					"socket":	5,
					"start":	9.001027,
					"end":	10.001437,
					"seconds":	1.0004099607467651,
					"bytes":	5767168,
					"bits_per_second":	46118437.251024932,
					"retransmits":	0,
					"snd_cwnd":	218860,
					"snd_wnd":	4880512,
					"rtt":	32629,
					"rttvar":	8,
					"pmtu":	1500,
					"omitted":	false,
					"sender":	true
				}],
			"sum":	{
				"start":	9.001027,
				"end":	10.001437,
				"seconds":	1.0004099607467651,
				"bytes":	5767168,
				"bits_per_second":	46118437.251024932,
				"retransmits":	0,
				"omitted":	false,
				"sender":	true
			}
		}],
	"end":	{
		"streams":	[{
				"sender":	{
					"socket":	5,
					"start":	0,
					"end":	10.001437,
					"seconds":	10.001437,
					"bytes":	62783488,
					"bits_per_second":	50219573.847238153,
					"retransmits":	1486,
					"max_snd_cwnd":	2126472,
					"max_snd_wnd":	4880512,
					"max_rtt":	330426,
					"min_rtt":	32145,
					"mean_rtt":	157592,
					"sender":	true
				},
				"receiver":	{
					"socket":	5,
					"start":	0,
					"end":	10.042803,
					"seconds":	10.001437,
					"bytes":	59899904,
					"bits_per_second":	47715685.75028307,
					"sender":	true
				}
			}],
		"sum_sent":	{
			"start":	0,
			"end":	10.001437,
			"seconds":	10.001437,
			"bytes":	62783488,
			"bits_per_second":	50219573.847238153,
			"retransmits":	1486,
			"sender":	true
		},
		"sum_received":	{
			"start":	0,
			"end":	10.042803,
			"seconds":	10.042803,
			"bytes":	59899904,
			"bits_per_second":	47715685.75028307,
			"sender":	true
		},
		"cpu_utilization_percent":	{
			"host_total":	0.14527846488688884,
			"host_user":	0,
			"host_system":	0.14527846488688884,