{
	"start":	{
		"connected":	[{
				"socket":	5,
				"local_host":	"10.206.0.11",
				"local_port":	56266,
				"remote_host":	"10.206.0.12",
				"remote_port":	5201
			}],
		"version":	"iperf 3.16",
		"system_info":	"Linux VM-0-11-ubuntu 6.8.0-71-generic #71-Ubuntu SMP PREEMPT_DYNAMIC Tue Jul 22 16:52:38 UTC 2025 x86_64",
		"timestamp":	{
			"time":	"Tue, 30 Dec 2025 12:30:14 GMT",
			"timesecs":	1767097814
		},
		"connecting_to":	{
			"host":	"10.206.0.12",
			"port":	5201
		},
		"cookie":	"5zi363hhwnvjt2gray2catlgdzmtzi7uvenw",
		"tcp_mss_default":	1412,
		"target_bitrate":	0,
		"fq_rate":	0,
		"sock_bufsize":	0,
		"sndbuf_actual":	16384,
		"rcvbuf_actual":	131072,
		"test_start":	{
			"protocol":	"TCP",
			"num_streams":	1,
			"blksize":	131072,
			"omit":	0,
			"duration":	10,
			"bytes":	0,
			"blocks":	0,
			"reverse":	0,
			"tos":	0,
			"target_bitrate":	0,
			"bidir":	0,
			"fqrate":	0
		}
	},
	"intervals":	[{
			"streams":	[{
					"socket":	5,
					"start":	0,
					"end":	1.001027,
					"seconds":	1.00102698802948,
					"bytes":	786432,
					"bits_per_second":	6285001.378818688,
					"retransmits":	9,
					"snd_cwnd":	48008,
					"snd_wnd":	447360,
					"rtt":	96184,
					"rttvar":	2466,
					"pmtu":	1500,
					"omitted":	false,
					"sender":	true
				}],
			"sum":	{
				"start":	0,
				"end":	1.001027,
				"seconds":	1.00102698802948,
				"bytes":	786432,
				"bits_per_second":	6285001.378818688,
				"retransmits":	9,
				"omitted":	false,
				"sender":	true
			}
		}, {
			"streams":	[{
					"socket":	5,
					"start":	1.001027,
					"end":	2.00103,
					"seconds":	1.0000029802322388,
					"bytes":	393216,
					"bits_per_second":	3145718.62502794,
					"retransmits":	2,
					"snd_cwnd":	39536,
					"snd_wnd":	448768,
					"rtt":	82236,
					"rttvar":	2069,
					"pmtu":	1500,
					"omitted":	false,
					"sender":	true
				}],
			"sum":	{
				"start":	1.001027,
				"end":	2.00103,
				"seconds":	1.0000029802322388,
				"bytes":	393216,
				"bits_per_second":	3145718.62502794,
				"retransmits":	2,
				"omitted":	false,
				"sender":	true
			}
		}, {
			"streams":	[{
					"socket":	5,
					"start":	2.00103,
					"end":	3.001032,
					"seconds":	1.0000020265579224,
					"bytes":	524288,
					"bits_per_second":	4194295.5000172257,
					"retransmits":	0,
					"snd_cwnd":	48008,
					"snd_wnd":	448768,
					"rtt":	98866,
					"rttvar":	1992,
					"pmtu":	1500,
					"omitted":	false,
					"sender":	true
				}],
			"sum":	{
				"start":	2.00103,
				"end":	3.001032,
				"seconds":	1.0000020265579224,
				"bytes":	524288,
				"bits_per_second":	4194295.5000172257,
				"retransmits":	0,
				"omitted":	false,
				"sender":	true
			}
		}, {
			"streams":	[{
					"socket":	5,
					"start":	3.001032,
					"end":	4.001027,
					"seconds":	0.999994993209839,
					"bytes":	524288,
					"bits_per_second":	4194325.0001051435,
					"retransmits":	1,
					"snd_cwnd":	42360,
					"snd_wnd":	448768,
					"rtt":	88574,
					"rttvar":	1168,
					"pmtu":	1500,
					"omitted":	false,
					"sender":	true
				}],
			"sum":	{
				"start":	3.001032,
				"end":	4.001027,
				"seconds":	0.999994993209839,
				"bytes":	524288,
				"bits_per_second":	4194325.0001051435,
				"retransmits":	1,
				"omitted":	false,
				"sender":	true
			}
		}, {
			"streams":	[{
					"socket":	5,
					"start":	4.001027,
					"end":	5.001021,
					"seconds":	0.99999397993087769,
					"bytes":	393216,
					"bits_per_second":	3145746.9376140055,
					"retransmits":	0,
					"snd_cwnd":	49420,
					"snd_wnd":	448768,
					"rtt":	100556,
					"rttvar":	866,
					"pmtu":	1500,
					"omitted":	false,
					"sender":	true
				}],
			"sum":	{
				"start":	4.001027,
				"end":	5.001021,
				"seconds":	0.99999397993087769,
				"bytes":	393216,
				"bits_per_second":	3145746.9376140055,
				"retransmits":	0,
				"omitted":	false,
				"sender":	true
			}
		}, {
			"streams":	[{
					"socket":	5,
					"start":	5.001021,
					"end":	6.001026,
					"seconds":	1.0000050067901611,
					"bytes":	524288,
					"bits_per_second":	4194283.0001051421,
					"retransmits":	2,
					"snd_cwnd":	40948,
					"snd_wnd":	448768,
					"rtt":	81871,
					"rttvar":	2192,
					"pmtu":	1500,
					"omitted":	false,
					"sender":	true
				}],
			"sum":	{
				"start":	5.001021,
				"end":	6.001026,
				"seconds":	1.0000050067901611,
				"bytes":	524288,
				"bits_per_second":	4194283.0001051421,
				"retransmits":	2,
				"omitted":	false,
				"sender":	true
			}
		}, {
			"streams":	[{
					"socket":	5,
					"start":	6.001026,
					"end":	7.001021,
					"seconds":	0.999994993209839,
					"bytes":	524288,
					"bits_per_second":	4194325.0001051435,
					"retransmits":	0,
					"snd_cwnd":	49420,
					"snd_wnd":	448768,
					"rtt":	100689,
					"rttvar":	1273,
					"pmtu":	1500,
					"omitted":	false,
					"sender":	true
				}],
			"sum":	{
				"start":	6.001026,
				"end":	7.001021,
				"seconds":	0.999994993209839,
				"bytes":	524288,
				"bits_per_second":	4194325.0001051435,
				"retransmits":	0,
				"omitted":	false,
				"sender":	true
			}
		}, {
			"streams":	[{
					"socket":	5,
					"start":	7.001021,
					"end":	8.001025,
					"seconds":	1.0000040531158447,
					"bytes":	262144,
					"bits_per_second":	2097143.5000344513,
					"retransmits":	1,
					"snd_cwnd":	39536,
					"snd_wnd":	448768,
					"rtt":	80323,
					"rttvar":	964,
					"pmtu":	1500,
					"omitted":	false,
					"sender":	true
				}],
			"sum":	{
				"start":	7.001021,
				"end":	8.001025,
				"seconds":	1.0000040531158447,
				"bytes":	262144,
				"bits_per_second":	2097143.5000344513,
				"retransmits":	1,
				"omitted":	false,
				"sender":	true
			}
		}, {
			"streams":	[{
					"socket":	5,
					"start":	8.001025,
					"end":	9.00103,
					"seconds":	1.0000050067901611,
					"bytes":	524288,
					"bits_per_second":	4194283.0001051421,
					"retransmits":	0,
					"snd_cwnd":	48008,
					"snd_wnd":	448768,
					"rtt":	98066,
					"rttvar":	1640,
					"pmtu":	1500,
					"omitted":	false,
					"sender":	true
				}],
			"sum":	{
				"start":	8.001025,
				"end":	9.00103,
				"seconds":	1.0000050067901611,
				"bytes":	524288,
				"bits_per_second":	4194283.0001051421,
				"retransmits":	0,
				"omitted":	false,
				"sender":	true
			}
		}, {
			"streams":	[{
					"socket":	5,
					"start":	9.00103,
					"end":	10.001351,
					"seconds":	1.00032103061676,
					"bytes":	524288,
					"bits_per_second":	4192957.9321289989,
					"retransmits":	3,
					"snd_cwnd":	39536,
					"snd_wnd":	448768,
					"rtt":	77135,
					"rttvar":	1821,
					"pmtu":	1500,
					"omitted":	false,
					"sender":	true
				}],
			"sum":	{
				"start":	9.00103,
				"end":	10.001351,
				"seconds":	1.00032103061676,
				"bytes":	524288,
				"bits_per_second":	4192957.9321289989,
				"retransmits":	3,
				"omitted":	false,
				"sender":	true
			}
		}],
	"end":	{
		"streams":	[{
				"sender":	{
					"socket":	5,
					"start":	0,
					"end":	10.001351,
					"seconds":	10.001351,
					"bytes":	4980736,
					"bits_per_second":	3984050.55477005,
					"retransmits":	18,
					"max_snd_cwnd":	49420,
					"max_snd_wnd":	448768,
					"max_rtt":	100689,
					"min_rtt":	77135,
					"mean_rtt":	90450,
					"sender":	true
				},
				"receiver":	{
					"socket":	5,
					"start":	0,
					"end":	10.085043,
					"seconds":	10.001351,
					"bytes":	4718592,
					"bits_per_second":	3743041.65088835,
					"sender":	true
				}
			}],
		"sum_sent":	{
			"start":	0,
			"end":	10.001351,
			"seconds":	10.001351,
			"bytes":	4980736,
			"bits_per_second":	3984050.55477005,
			"retransmits":	18,
			"sender":	true
		},
		"sum_received":	{
			"start":	0,
			"end":	10.085043,
			"seconds":	10.085043,
			"bytes":	4718592,
			"bits_per_second":	3743041.65088835,
			"sender":	true
		},
		"cpu_utilization_percent":	{
			"host_total":	0.040947482354644189,
			"host_user":	0,
			"host_system":	0.040957479298578424,
			"remote_total":	0.30847640814869531,
			"remote_user":	0.00257807348500999,