{
	"start":	{
		"connected":	[{
				"socket":	5,
				"local_host":	"10.206.0.11",
				"local_port":	55730,
				"remote_host":	"10.206.0.12",
				"remote_port":	5000
			}],
		"version":	"iperf 3.16",
		"system_info":	"Linux VM-0-11-ubuntu 6.8.0-71-generic #71-Ubuntu SMP PREEMPT_DYNAMIC Tue Jul 22 16:52:38 UTC 2025 x86_64",
		"timestamp":	{
			"time":	"Tue, 30 Dec 2025 12:29:11 GMT",
			"timesecs":	1767097751
		},
		"connecting_to":	{
			"host":	"10.206.0.12",
			"port":	5000
		},
		"cookie":	"luerig66m7xoru333t3s4i3rj3ljypvhchpr",
		"tcp_mss_default":	1412,
		"target_bitrate":	0,
		"fq_rate":	0,
		"sock_bufsize":	0,
		"sndbuf_actual":	16384,
		"rcvbuf_actual":	131072,
		"test_start":	{
			"protocol":	"TCP",
			"num_streams":	1,
			"blksize":	131072,
			"omit":	0,
			"duration":	10,
			"bytes":	0,
			"blocks":	0,
			"reverse":	0,
			"tos":	0,
			"target_bitrate":	0,
			"bidir":	0,
			"fqrate":	0
		}
	},
	"intervals":	[{
			"streams":	[{
					"socket":	5,
					"start":	0,
					"end":	1.001048,
					"seconds":	1.0010479688644409,
					"bytes":	3014656,
					"bits_per_second":	24092000.333768111,
					"retransmits":	0,
					"snd_cwnd":	497024,
					"snd_wnd":	409984,
					"rtt":	285506,
					"rttvar":	142345,
					"pmtu":	1500,
					"omitted":	false,
					"sender":	true
				}],
			"sum":	{
				"start":	0,
				"end":	1.001048,
				"seconds":	1.0010479688644409,
				"bytes":	3014656,
				"bits_per_second":	24092000.333768111,
				"retransmits":	0,
				"omitted":	false,
				"sender":	true
			}
		}, {
			"streams":	[{
					"socket":	5,
					"start":	1.001048,
					"end":	2.001045,
					"seconds":	0.99999701976776123,
					"bytes":	1572864,
					"bits_per_second":	12582949.500111759,
					"retransmits":	0,
					"snd_cwnd":	807664,
					"snd_wnd":	1458688,
					"rtt":	687464,
					"rttvar":	265722,
					"pmtu":	1500,
					"omitted":	false,
					"sender":	true
				}],
			"sum":	{
				"start":	1.001048,
				"end":	2.001045,
				"seconds":	0.99999701976776123,
				"bytes":	1572864,
				"bits_per_second":	12582949.500111759,
				"retransmits":	0,
				"omitted":	false,
				"sender":	true
			}
		}, {
			"streams":	[{
					"socket":	5,
					"start":	2.001045,
					"end":	3.001042,
					"seconds":	0.99999701976776123,
					"bytes":	0,
					"bits_per_second":	0,
					"retransmits":	0,
					"snd_cwnd":	831668,
					"snd_wnd":	1963008,
					"rtt":	1097542,
					"rttvar":	418649,
					"pmtu":	1500,
					"omitted":	false,
					"sender":	true
				}],
			"sum":	{
				"start":	2.001045,
				"end":	3.001042,
				"seconds":	0.99999701976776123,
				"bytes":	0,
				"bits_per_second":	0,
				"retransmits":	0,
				"omitted":	false,
				"sender":	true
			}
		}, {
			"streams":	[{
					"socket":	5,
					"start":	3.001042,
					"end":	4.001048,
					"seconds":	1.0000059604644775,
					"bytes":	1441792,
					"bits_per_second":	11534267.25040978,
					"retransmits":	0,
					"snd_cwnd":	854260,
					"snd_wnd":	2015872,
					"rtt":	1538759,
					"rttvar":	208367,
					"pmtu":	1500,
					"omitted":	false,
					"sender":	true
				}],
			"sum":	{
				"start":	3.001042,
				"end":	4.001048,
				"seconds":	1.0000059604644775,
				"bytes":	1441792,
				"bits_per_second":	11534267.25040978,
				"retransmits":	0,
				"omitted":	false,
				"sender":	true
			}
		}, {
			"streams":	[{
					"socket":	5,
					"start":	4.001048,
					"end":	5.001051,
					"seconds":	1.0000029802322388,
					"bytes":	0,
					"bits_per_second":	0,
					"retransmits":	0,
					"snd_cwnd":	876852,
					"snd_wnd":	2535424,
					"rtt":	1625613,
					"rttvar":	111236,
					"pmtu":	1500,
					"omitted":	false,
					"sender":	true
				}],
			"sum":	{
				"start":	4.001048,
				"end":	5.001051,
				"seconds":	1.0000029802322388,
				"bytes":	0,
				"bits_per_second":	0,
				"retransmits":	0,
				"omitted":	false,
				"sender":	true
			}
		}, {
			"streams":	[{
					"socket":	5,
					"start":	5.001051,
					"end":	6.001044,
					"seconds":	0.99999302625656128,
					"bytes":	0,
					"bits_per_second":	0,
					"retransmits":	0,
					"snd_cwnd":	902268,
					"snd_wnd":	3574656,
					"rtt":	1724689,
					"rttvar":	69508,
					"pmtu":	1500,
					"omitted":	false,
					"sender":	true
				}],
			"sum":	{
				"start":	5.001051,
				"end":	6.001044,
				"seconds":	0.99999302625656128,
				"bytes":	0,
				"bits_per_second":	0,
				"retransmits":	0,
				"omitted":	false,
				"sender":	true
			}
		}, {
			"streams":	[{
					"socket":	5,
					"start":	6.001044,
					"end":	7.001045,
					"seconds":	1.0000009536743164,
					"bytes":	1441792,
					"bits_per_second":	11534325.00001049,
					"retransmits":	0,
					"snd_cwnd":	924860,
					"snd_wnd":	4464896,
					"rtt":	1774042,
					"rttvar":	52520,
					"pmtu":	1500,
					"omitted":	false,
					"sender":	true
				}],
			"sum":	{
				"start":	6.001044,
				"end":	7.001045,
				"seconds":	1.0000009536743164,
				"bytes":	1441792,
				"bits_per_second":	11534325.00001049,
				"retransmits":	0,
				"omitted":	false,
				"sender":	true
			}
		}, {
			"streams":	[{
					"socket":	5,
					"start":	7.001045,
					"end":	8.001039,
					"seconds":	0.99999397993087769,
					"bytes":	0,
					"bits_per_second":	0,
					"retransmits":	0,
					"snd_cwnd":	947452,
					"snd_wnd":	4430976,
					"rtt":	1782907,
					"rttvar":	28910,
					"pmtu":	1500,
					"omitted":	false,
					"sender":	true
				}],
			"sum":	{
				"start":	7.001045,
				"end":	8.001039,
				"seconds":	0.99999397993087769,
				"bytes":	0,
				"bits_per_second":	0,
				"retransmits":	0,
				"omitted":	false,
				"sender":	true
			}
		}, {
			"streams":	[{
					"socket":	5,
					"start":	8.001039,
					"end":	9.001037,
					"seconds":	0.99999797344207764,
					"bytes":	0,
					"bits_per_second":	0,
					"retransmits":	0,
					"snd_cwnd":	974280,
					"snd_wnd":	4431360,
					"rtt":	1872195,
					"rttvar":	62960,
					"pmtu":	1500,
					"omitted":	false,
					"sender":	true
				}],
			"sum":	{
				"start":	8.001039,
				"end":	9.001037,
				"seconds":	0.99999797344207764,
				"bytes":	0,
				"bits_per_second":	0,
				"retransmits":	0,
				"omitted":	false,
				"sender":	true
			}
		}, {
			"streams":	[{
					"socket":	5,
					"start":	9.001037,
					"end":	10.001483,
					"seconds":	1.0004459619522095,
					"bytes":	1441792,
					"bits_per_second":	11529194.417949969,
					"retransmits":	0,
					"snd_cwnd":	1015228,
					"snd_wnd":	4431360,
					"rtt":	1904675,
					"rttvar":	21197,
					"pmtu":	1500,
					"omitted":	false,
					"sender":	true
				}],
			"sum":	{
				"start":	9.001037,
				"end":	10.001483,
				"seconds":	1.0004459619522095,
				"bytes":	1441792,
				"bits_per_second":	11529194.417949969,
				"retransmits":	0,
				"omitted":	false,
				"sender":	true
			}
		}],
	"end":	{
		"streams":	[{
				"sender":	{
					"socket":	5,
					"start":	0,
					"end":	10.001483,
					"seconds":	10.001483,
					"bytes":	8912896,
					"bits_per_second":	7129259.53081158,
					"retransmits":	0,
					"max_snd_cwnd":	1015228,
					"max_snd_wnd":	4464896,
					"max_rtt":	1904675,
					"min_rtt":	285506,
					"mean_rtt":	1429339,
					"sender":	true
				},
				"receiver":	{
					"socket":	5,
					"start":	0,
					"end":	12.169309,
					"seconds":	10.001483,
					"bytes":	5767168,
					"bits_per_second":	3791287.08129607,
					"sender":	true
				}
			}],
		"sum_sent":	{
			"start":	0,
			"end":	10.001483,
			"seconds":	10.001483,
			"bytes":	8912896,
			"bits_per_second":	7129259.53081158,
			"retransmits":	0,
			"sender":	true
		},
		"sum_received":	{
			"start":	0,
			"end":	12.169309,
			"seconds":	12.169309,
			"bytes":	5767168,
			"bits_per_second":	3791287.08129607,
			"sender":	true
		},
		"cpu_utilization_percent":	{
			"host_total":	0.040168387319226,
			"host_user":	0,
			"host_system":	0.0401883815388971,
			"remote_total":	0.043527511614252737,
			"remote_user":	0,
			"remote_system":	0.043535729003645642
		},
		"sender_tcp_congestion":	"cubic",
		"receiver_tcp_congestion":	"cubic"
	}
}
