{
	"start":	{
		"connected":	[{
				"socket":	5,
				"local_host":	"10.206.0.11",
				"local_port":	55872,
				"remote_host":	"10.206.0.12",
				"remote_port":	5201
			}],
		"version":	"iperf 3.16",
		"system_info":	"Linux VM-0-11-ubuntu 6.8.0-71-generic #71-Ubuntu SMP PREEMPT_DYNAMIC Tue Jul 22 16:52:38 UTC 2025 x86_64",
		"timestamp":	{
			"time":	"Tue, 30 Dec 2025 12:39:01 GMT",
			"timesecs":	1767098341
		},
		"connecting_to":	{
			"host":	"10.206.0.12",
			"port":	5201
		},
		"cookie":	"prokxcvhpv57jtfi2owybdey6jsrgdue2dw3",
		"tcp_mss_default":	1412,
		"target_bitrate":	0,
		"fq_rate":	0,
		"sock_bufsize":	0,
		"sndbuf_actual":	16384,
		"rcvbuf_actual":	131072,
		"test_start":	{
			"protocol":	"TCP",
			"num_streams":	1,
			"blksize":	131072,
			"omit":	0,
			"duration":	10,
			"bytes":	0,
			"blocks":	0,
			"reverse":	0,
			"tos":	0,
			"target_bitrate":	0,
			"bidir":	0,
			"fqrate":	0
		}
	},
	"intervals":	[{
			"streams":	[{
					"socket":	5,
					"start":	0,
					"end":	1.001026,
					"seconds":	1.0010260343551636,
					"bytes":	858652672,
					"bits_per_second":	6862180543.0115347,
					"retransmits":	447,
					"snd_cwnd":	1341400,
					"snd_wnd":	4880512,
					"rtt":	1544,
					"rttvar":	29,
					"pmtu":	1500,
					"omitted":	false,
					"sender":	true
				}],
			"sum":	{
				"start":	0,
				"end":	1.001026,
				"seconds":	1.0010260343551636,
				"bytes":	858652672,
				"bits_per_second":	6862180543.0115347,
				"retransmits":	447,
				"omitted":	false,
				"sender":	true
			}
		}, {
			"streams":	[{
					"socket":	5,
					"start":	1.001026,
					"end":	2.001025,
					"seconds":	0.99999898672103882,
					"bytes":	852099072,
					"bits_per_second":	6816799483.3195,
					"retransmits":	0,
					"snd_cwnd":	1762176,
					"snd_wnd":	4880512,
					"rtt":	2058,
					"rttvar":	21,
					"pmtu":	1500,
					"omitted":	false,
					"sender":	true
				}],
			"sum":	{
				"start":	1.001026,
				"end":	2.001025,
				"seconds":	0.99999898672103882,
				"bytes":	852099072,
				"bits_per_second":	6816799483.3195,
				"retransmits":	0,
				"omitted":	false,
				"sender":	true
			}
		}, {
			"streams":	[{
					"socket":	5,
					"start":	2.001025,
					"end":	3.001027,
					"seconds":	1.0000020265579224,
					"bytes":	852754432,
					"bits_per_second":	6822021630.778018,
					"retransmits":	90,
					"snd_cwnd":	1138072,
					"snd_wnd":	4880512,
					"rtt":	1291,
					"rttvar":	35,
					"pmtu":	1500,
					"omitted":	false,
					"sender":	true
				}],
			"sum":	{
				"start":	2.001025,
				"end":	3.001027,
				"seconds":	1.0000020265579224,
				"bytes":	852754432,
				"bits_per_second":	6822021630.778018,
				"retransmits":	90,
				"omitted":	false,
				"sender":	true
			}
		}, {
			"streams":	[{
					"socket":	5,
					"start":	3.001027,
					"end":	4.001026,
					"seconds":	0.99999898672103882,
					"bytes":	855113728,
					"bits_per_second":	6840916755.7570238,
					"retransmits":	0,
					"snd_cwnd":	1606856,
					"snd_wnd":	4880512,
					"rtt":	1861,
					"rttvar":	22,
					"pmtu":	1500,
					"omitted":	false,
					"sender":	true
				}],
			"sum":	{
				"start":	3.001027,
				"end":	4.001026,
				"seconds":	0.99999898672103882,
				"bytes":	855113728,
				"bits_per_second":	6840916755.7570238,
				"retransmits":	0,
				"omitted":	false,
				"sender":	true
			}
		}, {
			"streams":	[{
					"socket":	5,
					"start":	4.001026,
					"end":	5.001025,
					"seconds":	0.99999898672103882,
					"bytes":	851050496,
					"bits_per_second":	6808410866.81949,
					"retransmits":	0,
					"snd_cwnd":	1966916,
					"snd_wnd":	4880512,
					"rtt":	2316,
					"rttvar":	35,
					"pmtu":	1500,
					"omitted":	false,
					"sender":	true
				}],
			"sum":	{
				"start":	4.001026,
				"end":	5.001025,
				"seconds":	0.99999898672103882,
				"bytes":	851050496,
				"bits_per_second":	6808410866.81949,
				"retransmits":	0,
				"omitted":	false,
				"sender":	true
			}
		}, {
			"streams":	[{
					"socket":	5,
					"start":	5.001025,
					"end":	6.001028,
					"seconds":	1.0000029802322388,
					"bytes":	853278720,
					"bits_per_second":	6826209416.31063,
					"retransmits":	46,
					"snd_cwnd":	1728288,
					"snd_wnd":	4881408,
					"rtt":	2014,
					"rttvar":	17,
					"pmtu":	1500,
					"omitted":	false,
					"sender":	true
				}],
			"sum":	{
				"start":	5.001025,
				"end":	6.001028,
				"seconds":	1.0000029802322388,
				"bytes":	853278720,
				"bits_per_second":	6826209416.31063,
				"retransmits":	46,
				"omitted":	false,
				"sender":	true
			}
		}, {
			"streams":	[{
					"socket":	5,
					"start":	6.001028,
					"end":	7.001033,
					"seconds":	1.0000050067901611,
					"bytes":	854327296,
					"bits_per_second":	6834584148.6713285,
					"retransmits":	78,
					"snd_cwnd":	1596972,
					"snd_wnd":	4939776,
					"rtt":	1852,
					"rttvar":	38,
					"pmtu":	1500,
					"omitted":	false,
					"sender":	true
				}],
			"sum":	{
				"start":	6.001028,
				"end":	7.001033,
				"seconds":	1.0000050067901611,
				"bytes":	854327296,
				"bits_per_second":	6834584148.6713285,
				"retransmits":	78,
				"omitted":	false,
				"sender":	true
			}
		}, {
			"streams":	[{
					"socket":	5,
					"start":	7.001033,
					"end":	8.00103,
					"seconds":	0.99999701976776123,
					"bytes":	851705856,
					"bits_per_second":	6813667154.3105173,
					"retransmits":	0,
					"snd_cwnd":	1957032,
					"snd_wnd":	4880128,
					"rtt":	2267,
					"rttvar":	30,
					"pmtu":	1500,
					"omitted":	false,
					"sender":	true
				}],
			"sum":	{
				"start":	7.001033,
				"end":	8.00103,
				"seconds":	0.99999701976776123,
				"bytes":	851705856,
				"bits_per_second":	6813667154.3105173,
				"retransmits":	0,
				"omitted":	false,
				"sender":	true
			}
		}, {
			"streams":	[{
					"socket":	5,
					"start":	8.00103,
					"end":	9.001027,
					"seconds":	0.99999701976776123,
					"bytes":	852099072,
					"bits_per_second":	6816812891.6855459,
					"retransmits":	92,
					"snd_cwnd":	1707108,
					"snd_wnd":	4880128,
					"rtt":	1971,
					"rttvar":	22,
					"pmtu":	1500,
					"omitted":	false,
					"sender":	true
				}],
			"sum":	{
				"start":	8.00103,
				"end":	9.001027,
				"seconds":	0.99999701976776123,
				"bytes":	852099072,
				"bits_per_second":	6816812891.6855459,
				"retransmits":	92,
				"omitted":	false,
				"sender":	true
			}
		}, {
			"streams":	[{
					"socket":	5,
					"start":	9.001027,
					"end":	10.001474,
					"seconds":	1.0004470348358154,
					"bytes":	854720512,
					"bits_per_second":	6834708743.0991821,
					"retransmits":	117,
					"snd_cwnd":	1225616,
					"snd_wnd":	4880896,
					"rtt":	1365,
					"rttvar":	27,
					"pmtu":	1500,
					"omitted":	false,
					"sender":	true
				}],
			"sum":	{
				"start":	9.001027,
				"end":	10.001474,
				"seconds":	1.0004470348358154,
				"bytes":	854720512,
				"bits_per_second":	6834708743.0991821,
				"retransmits":	117,
				"omitted":	false,
				"sender":	true
			}
		}],
	"end":	{
		"streams":	[{
				"sender":	{
					"socket":	5,
					"start":	0,
					"end":	10.001474,
					"seconds":	10.001474,
					"bytes":	8539734016,
					"bits_per_second":	6830780355.7755585,
					"retransmits":	870,
					"max_snd_cwnd":	1966916,
					"max_snd_wnd":	4939776,
					"max_rtt":	2316,
					"min_rtt":	1291,
					"mean_rtt":	1853,
					"sender":	true
				},
				"receiver":	{
					"socket":	5,
					"start":	0,
					"end":	10.00293,
					"seconds":	10.001474,
					"bytes":	8537899008,
					"bits_per_second":	6828318509.07684,
					"sender":	true
				}
			}],
		"sum_sent":	{
			"start":	0,
			"end":	10.001474,
			"seconds":	10.001474,
			"bytes":	8539734016,
			"bits_per_second":	6830780355.7755585,
			"retransmits":	870,
			"sender":	true
		},
		"sum_received":	{
			"start":	0,
			"end":	10.00293,
			"seconds":	10.00293,
			"bytes":	8537899008,
			"bits_per_second":	6828318509.07684,
			"sender":	true
		},
		"cpu_utilization_percent":	{
			"host_total":	12.584518108074011,
			"host_user":	0.0961522504605171,
			"host_system":	12.488375854728325,