{
	"start":	{
		"connected":	[{
				"socket":	5,
				"local_host":	"10.206.0.11",
				"local_port":	49602,
				"remote_host":	"10.206.0.12",
				"remote_port":	5201
			}],
		"version":	"iperf 3.16",
		"system_info":	"Linux VM-0-11-ubuntu 6.8.0-71-generic #71-Ubuntu SMP PREEMPT_DYNAMIC Tue Jul 22 16:52:38 UTC 2025 x86_64",
		"timestamp":	{
			"time":	"Tue, 30 Dec 2025 12:37:06 GMT",
			"timesecs":	1767098226
		},
		"connecting_to":	{
			"host":	"10.206.0.12",
			"port":	5201
		},
		"cookie":	"udsvigc3ehxgufkyiupahlnzvf64vlp2mq4j",
		"tcp_mss_default":	1412,
		"target_bitrate":	0,
		"fq_rate":	0,
		"sock_bufsize":	0,
		"sndbuf_actual":	16384,
		"rcvbuf_actual":	131072,
		"test_start":	{
			"protocol":	"TCP",
			"num_streams":	1,
			"blksize":	131072,
			"omit":	0,
			"duration":	10,
			"bytes":	0,
			"blocks":	0,
			"reverse":	0,
			"tos":	0,
			"target_bitrate":	0,
			"bidir":	0,
			"fqrate":	0
		}
	},
	"intervals":	[{
			"streams":	[{
					"socket":	5,
					"start":	0,
					"end":	1.001033,
					"seconds":	1.0010329484939575,
					"bytes":	3014656,
					"bits_per_second":	24092361.831130654,
					"retransmits":	0,
					"snd_cwnd":	497024,
					"snd_wnd":	409984,
					"rtt":	285501,
					"rttvar":	142350,
					"pmtu":	1500,
					"omitted":	false,
					"sender":	true
				}],
			"sum":	{
				"start":	0,
				"end":	1.001033,
				"seconds":	1.0010329484939575,
				"bytes":	3014656,
				"bits_per_second":	24092361.831130654,
				"retransmits":	0,
				"omitted":	false,
				"sender":	true
			}
		}, {
			"streams":	[{
					"socket":	5,
					"start":	1.001033,
					"end":	2.001026,
					"seconds":	0.99999302625656128,
					"bytes":	1572864,
					"bits_per_second":	12582999.75061195,
					"retransmits":	0,
					"snd_cwnd":	807664,
					"snd_wnd":	1458688,
					"rtt":	687433,
					"rttvar":	265685,
					"pmtu":	1500,
					"omitted":	false,
					"sender":	true
				}],
			"sum":	{
				"start":	1.001033,
				"end":	2.001026,
				"seconds":	0.99999302625656128,
				"bytes":	1572864,
				"bits_per_second":	12582999.75061195,
				"retransmits":	0,
				"omitted":	false,
				"sender":	true
			}
		}, {
			"streams":	[{
					"socket":	5,
					"start":	2.001026,
					"end":	3.001024,
					"seconds":	0.99999797344207764,
					"bytes":	0,
					"bits_per_second":	0,
					"retransmits":	0,
					"snd_cwnd":	831668,
					"snd_wnd":	1963008,
					"rtt":	1097477,
					"rttvar":	418617,
					"pmtu":	1500,
					"omitted":	false,
					"sender":	true
				}],
			"sum":	{
				"start":	2.001026,
				"end":	3.001024,
				"seconds":	0.99999797344207764,
				"bytes":	0,
				"bits_per_second":	0,
				"retransmits":	0,
				"omitted":	false,
				"sender":	true
			}
		}, {
			"streams":	[{
					"socket":	5,
					"start":	3.001024,
					"end":	4.001027,
					"seconds":	1.0000029802322388,
					"bytes":	1441792,
					"bits_per_second":	11534301.625102445,
					"retransmits":	0,
					"snd_cwnd":	854260,
					"snd_wnd":	2015872,
					"rtt":	1538744,
					"rttvar":	208431,
					"pmtu":	1500,
					"omitted":	false,
					"sender":	true
				}],
			"sum":	{
				"start":	3.001024,
				"end":	4.001027,
				"seconds":	1.0000029802322388,
				"bytes":	1441792,
				"bits_per_second":	11534301.625102445,
				"retransmits":	0,
				"omitted":	false,
				"sender":	true
			}
		}, {
			"streams":	[{
					"socket":	5,
					"start":	4.001027,
					"end":	5.001023,
					"seconds":	0.9999960064888,
					"bytes":	0,
					"bits_per_second":	0,
					"retransmits":	0,
					"snd_cwnd":	876852,
					"snd_wnd":	2535424,
					"rtt":	1625693,
					"rttvar":	111298,
					"pmtu":	1500,
					"omitted":	false,
					"sender":	true
				}],
			"sum":	{
				"start":	4.001027,
				"end":	5.001023,
				"seconds":	0.9999960064888,
				"bytes":	0,
				"bits_per_second":	0,
				"retransmits":	0,
				"omitted":	false,
				"sender":	true
			}
		}, {
			"streams":	[{
					"socket":	5,
					"start":	5.001023,
					"end":	6.001033,
					"seconds":	1.0000100135803223,
					"bytes":	0,
					"bits_per_second":	0,
					"retransmits":	0,
					"snd_cwnd":	902268,
					"snd_wnd":	3574656,
					"rtt":	1724798,
					"rttvar":	69515,
					"pmtu":	1500,
					"omitted":	false,
					"sender":	true
				}],
			"sum":	{
				"start":	5.001023,
				"end":	6.001033,
				"seconds":	1.0000100135803223,
				"bytes":	0,
				"bits_per_second":	0,
				"retransmits":	0,
				"omitted":	false,
				"sender":	true
			}
		}, {
			"streams":	[{
					"socket":	5,
					"start":	6.001033,
					"end":	7.001028,
					"seconds":	0.999994993209839,
					"bytes":	1441792,
					"bits_per_second":	11534393.750289144,
					"retransmits":	0,
					"snd_cwnd":	924860,
					"snd_wnd":	4464896,
					"rtt":	1774229,
					"rttvar":	52569,
					"pmtu":	1500,
					"omitted":	false,
					"sender":	true
				}],
			"sum":	{
				"start":	6.001033,
				"end":	7.001028,
				"seconds":	0.999994993209839,
				"bytes":	1441792,
				"bits_per_second":	11534393.750289144,
				"retransmits":	0,
				"omitted":	false,
				"sender":	true
			}
		}, {
			"streams":	[{
					"socket":	5,
					"start":	7.001028,
					"end":	8.001027,
					"seconds":	0.99999898672103882,
					"bytes":	0,
					"bits_per_second":	0,
					"retransmits":	0,
					"snd_cwnd":	947452,
					"snd_wnd":	4430976,
					"rtt":	1783123,
					"rttvar":	28886,
					"pmtu":	1500,
					"omitted":	false,
					"sender":	true
				}],
			"sum":	{
				"start":	7.001028,
				"end":	8.001027,
				"seconds":	0.99999898672103882,
				"bytes":	0,
				"bits_per_second":	0,
				"retransmits":	0,
				"omitted":	false,
				"sender":	true
			}
		}, {
			"streams":	[{
					"socket":	5,
					"start":	8.001027,
					"end":	9.001031,
					"seconds":	1.0000040531158447,
					"bytes":	0,
					"bits_per_second":	0,
					"retransmits":	0,
					"snd_cwnd":	974280,
					"snd_wnd":	4431360,
					"rtt":	1872324,
					"rttvar":	62969,
					"pmtu":	1500,
					"omitted":	false,
					"sender":	true
				}],
			"sum":	{
				"start":	8.001027,
				"end":	9.001031,
				"seconds":	1.0000040531158447,
				"bytes":	0,
				"bits_per_second":	0,
				"retransmits":	0,
				"omitted":	false,
				"sender":	true
			}
		}, {
			"streams":	[{
					"socket":	5,
					"start":	9.001031,
					"end":	10.001496,
					"seconds":	1.0004650354385376,
					"bytes":	1441792,
					"bits_per_second":	11528974.618232522,
					"retransmits":	0,
					"snd_cwnd":	1015228,
					"snd_wnd":	4431360,
					"rtt":	1904637,
					"rttvar":	21215,
					"pmtu":	1500,
					"omitted":	false,
					"sender":	true
				}],
			"sum":	{
				"start":	9.001031,
				"end":	10.001496,
				"seconds":	1.0004650354385376,
				"bytes":	1441792,
				"bits_per_second":	11528974.618232522,
				"retransmits":	0,
				"omitted":	false,
				"sender":	true
			}
		}],
	"end":	{
		"streams":	[{
				"sender":	{
					"socket":	5,
					"start":	0,
					"end":	10.001496,
					"seconds":	10.001496,
					"bytes":	8912896,
					"bits_per_second":	7129250.2641604822,
					"retransmits":	0,
					"max_snd_cwnd":	1015228,
					"max_snd_wnd":	4464896,
					"max_rtt":	1904637,
					"min_rtt":	285501,
					"mean_rtt":	1429395,
					"sender":	true
				},
				"receiver":	{
					"socket":	5,
					"start":	0,
					"end":	12.169808,
					"seconds":	10.001496,
					"bytes":	5767168,
					"bits_per_second":	3791131.62672739,
					"sender":	true
				}
			}],
		"sum_sent":	{
			"start":	0,
			"end":	10.001496,
			"seconds":	10.001496,
			"bytes":	8912896,
			"bits_per_second":	7129250.2641604822,
			"retransmits":	0,
			"sender":	true
		},
		"sum_received":	{
			"start":	0,
			"end":	12.169808,
			"seconds":	12.169808,
			"bytes":	5767168,
			"bits_per_second":	3791131.62672739,
			"sender":	true
		},
		"cpu_utilization_percent":	{
			"host_total":	0.039358782746917127,
			"host_user":	0.018194814477873807,
			"host_system":	0.021183962570667361,
			"remote_total":	0.038866658109976047,
			"remote_user":	0,
			"remote_system":	0.038874875162430586
		},
		"sender_tcp_congestion":	"cubic",
		"receiver_tcp_congestion":	"cubic"
	}
}
