{
	"start":	{
		"connected":	[{
				"socket":	5,
				"local_host":	"10.206.0.11",
				"local_port":	43174,
				"remote_host":	"10.206.0.12",
				"remote_port":	5000
			}],
		"version":	"iperf 3.16",
		"system_info":	"Linux VM-0-11-ubuntu 6.8.0-71-generic #71-Ubuntu SMP PREEMPT_DYNAMIC Tue Jul 22 16:52:38 UTC 2025 x86_64",
		"timestamp":	{
			"time":	"Tue, 30 Dec 2025 12:33:38 GMT",
			"timesecs":	1767098018
		},
		"connecting_to":	{
			"host":	"10.206.0.12",
			"port":	5000
		},
		"cookie":	"7tzgmnv5jduktokwwxdjjppngxjjcsckqnpj",
		"tcp_mss_default":	1412,
		"target_bitrate":	0,
		"fq_rate":	0,
		"sock_bufsize":	0,
		"sndbuf_actual":	16384,
		"rcvbuf_actual":	131072,
		"test_start":	{
			"protocol":	"TCP",
			"num_streams":	1,
			"blksize":	131072,
			"omit":	0,
			"duration":	10,
			"bytes":	0,
			"blocks":	0,
			"reverse":	0,
			"tos":	0,
			"target_bitrate":	0,
			"bidir":	0,
			"fqrate":	0
		}
	},
	"intervals":	[{
			"streams":	[{
					"socket":	5,
					"start":	0,
					"end":	1.001035,
					"seconds":	1.00103497505188,
					"bytes":	2883584,
					"bits_per_second":	23044821.184998494,
					"retransmits":	0,
					"snd_cwnd":	552092,
					"snd_wnd":	797952,
					"rtt":	295478,
					"rttvar":	201277,
					"pmtu":	1500,
					"omitted":	false,
					"sender":	true
				}],
			"sum":	{
				"start":	0,
				"end":	1.001035,
				"seconds":	1.00103497505188,
				"bytes":	2883584,
				"bits_per_second":	23044821.184998494,
				"retransmits":	0,
				"omitted":	false,
				"sender":	true
			}
		}, {
			"streams":	[{
					"socket":	5,
					"start":	1.001035,
					"end":	2.001034,
					"seconds":	0.99999898672103882,
					"bytes":	1441792,
					"bits_per_second":	11534347.687511843,
					"retransmits":	0,
					"snd_cwnd":	1006756,
					"snd_wnd":	1346688,
					"rtt":	612885,
					"rttvar":	330259,
					"pmtu":	1500,
					"omitted":	false,
					"sender":	true
				}],
			"sum":	{
				"start":	1.001035,
				"end":	2.001034,
				"seconds":	0.99999898672103882,
				"bytes":	1441792,
				"bits_per_second":	11534347.687511843,
				"retransmits":	0,
				"omitted":	false,
				"sender":	true
			}
		}, {
			"streams":	[{
					"socket":	5,
					"start":	2.001034,
					"end":	3.001036,
					"seconds":	1.0000020265579224,
					"bytes":	0,
					"bits_per_second":	0,
					"retransmits":	0,
					"snd_cwnd":	1337164,
					"snd_wnd":	1568768,
					"rtt":	1024523,
					"rttvar":	466011,
					"pmtu":	1500,
					"omitted":	false,
					"sender":	true
				}],
			"sum":	{
				"start":	2.001034,
				"end":	3.001036,
				"seconds":	1.0000020265579224,
				"bytes":	0,
				"bits_per_second":	0,
				"retransmits":	0,
				"omitted":	false,
				"sender":	true
			}
		}, {
			"streams":	[{
					"socket":	5,
					"start":	3.001036,
					"end":	4.001035,
					"seconds":	0.99999898672103882,
					"bytes":	1441792,
					"bits_per_second":	11534347.687511843,
					"retransmits":	0,
					"snd_cwnd":	1363992,
					"snd_wnd":	1755648,
					"rtt":	1544726,
					"rttvar":	523213,
					"pmtu":	1500,
					"omitted":	false,
					"sender":	true
				}],
			"sum":	{
				"start":	3.001036,
				"end":	4.001035,
				"seconds":	0.99999898672103882,
				"bytes":	1441792,
				"bits_per_second":	11534347.687511843,
				"retransmits":	0,
				"omitted":	false,
				"sender":	true
			}
		}, {
			"streams":	[{
					"socket":	5,
					"start":	4.001035,
					"end":	5.001031,
					"seconds":	0.9999960064888,
					"bytes":	0,
					"bits_per_second":	0,
					"retransmits":	0,
					"snd_cwnd":	1386584,
					"snd_wnd":	2146176,
					"rtt":	2008627,
					"rttvar":	528897,
					"pmtu":	1500,
					"omitted":	false,
					"sender":	true
				}],
			"sum":	{
				"start":	4.001035,
				"end":	5.001031,
				"seconds":	0.9999960064888,
				"bytes":	0,
				"bits_per_second":	0,
				"retransmits":	0,
				"omitted":	false,
				"sender":	true
			}
		}, {
			"streams":	[{
					"socket":	5,
					"start":	5.001031,
					"end":	6.001031,
					"seconds":	1,
					"bytes":	0,
					"bits_per_second":	0,
					"retransmits":	0,
					"snd_cwnd":	1409176,
					"snd_wnd":	2977408,
					"rtt":	2424333,
					"rttvar":	443908,
					"pmtu":	1500,
					"omitted":	false,
					"sender":	true
				}],
			"sum":	{
				"start":	5.001031,
				"end":	6.001031,
				"seconds":	1,
				"bytes":	0,
				"bits_per_second":	0,
				"retransmits":	0,
				"omitted":	false,
				"sender":	true
			}
		}, {
			"streams":	[{
					"socket":	5,
					"start":	6.001031,
					"end":	7.001032,
					"seconds":	1.0000009536743164,
					"bytes":	1441792,
					"bits_per_second":	11534325.00001049,
					"retransmits":	0,
					"snd_cwnd":	1434592,
					"snd_wnd":	2977408,
					"rtt":	2650398,
					"rttvar":	243769,
					"pmtu":	1500,
					"omitted":	false,
					"sender":	true
				}],
			"sum":	{
				"start":	6.001031,
				"end":	7.001032,
				"seconds":	1.0000009536743164,
				"bytes":	1441792,
				"bits_per_second":	11534325.00001049,
				"retransmits":	0,
				"omitted":	false,
				"sender":	true
			}
		}, {
			"streams":	[{
					"socket":	5,
					"start":	7.001032,
					"end":	8.001027,
					"seconds":	0.999994993209839,
					"bytes":	0,
					"bits_per_second":	0,
					"retransmits":	0,
					"snd_cwnd":	1457184,
					"snd_wnd":	3756800,
					"rtt":	2775375,
					"rttvar":	139224,
					"pmtu":	1500,
					"omitted":	false,
					"sender":	true
				}],
			"sum":	{
				"start":	7.001032,
				"end":	8.001027,
				"seconds":	0.999994993209839,
				"bytes":	0,
				"bits_per_second":	0,
				"retransmits":	0,
				"omitted":	false,
				"sender":	true
			}
		}, {
			"streams":	[{
					"socket":	5,
					"start":	8.001027,
					"end":	9.000051,
					"seconds":	0.999023973941803,
					"bytes":	0,
					"bits_per_second":	0,
					"retransmits":	0,
					"snd_cwnd":	1479776,
					"snd_wnd":	4666112,
					"rtt":	2824441,
					"rttvar":	60449,
					"pmtu":	1500,
					"omitted":	false,
					"sender":	true
				}],
			"sum":	{
				"start":	8.001027,
				"end":	9.000051,
				"seconds":	0.999023973941803,
				"bytes":	0,
				"bits_per_second":	0,
				"retransmits":	0,
				"omitted":	false,
				"sender":	true
			}
		}, {
			"streams":	[{
					"socket":	5,
					"start":	9.000051,
					"end":	10.001472,
					"seconds":	1.0014209747314453,
					"bytes":	1441792,
					"bits_per_second":	11517969.256728625,
					"retransmits":	0,
					"snd_cwnd":	1506604,
					"snd_wnd":	4880512,
					"rtt":	2890058,
					"rttvar":	88889,
					"pmtu":	1500,
					"omitted":	false,
					"sender":	true
				}],
			"sum":	{
				"start":	9.000051,
				"end":	10.001472,
				"seconds":	1.0014209747314453,
				"bytes":	1441792,
				"bits_per_second":	11517969.256728625,
				"retransmits":	0,
				"omitted":	false,
				"sender":	true
			}
		}],
	"end":	{
		"streams":	[{
				"sender":	{
					"socket":	5,
					"start":	0,
					"end":	10.001472,
					"seconds":	10.001472,
					"bytes":	8650752,
					"bits_per_second":	6919583.0373768983,
					"retransmits":	0,
					"max_snd_cwnd":	1506604,
					"max_snd_wnd":	4880512,
					"max_rtt":	2890058,
					"min_rtt":	295478,
					"mean_rtt":	1905084,
					"sender":	true
				},
				"receiver":	{
					"socket":	5,
					"start":	0,
					"end":	13.251617,
					"seconds":	10.001472,
					"bytes":	6291456,
					"bits_per_second":	3798151.4255958349,
					"sender":	true
				}
			}],
		"sum_sent":	{
			"start":	0,
			"end":	10.001472,
			"seconds":	10.001472,
			"bytes":	8650752,
			"bits_per_second":	6919583.0373768983,
			"retransmits":	0,
			"sender":	true
		},
		"sum_received":	{
			"start":	0,
			"end":	13.251617,
			"seconds":	13.251617,
			"bytes":	6291456,
			"bits_per_second":	3798151.4255958349,
			"sender":	true
		},
		"cpu_utilization_percent":	{
			"host_total":	0.0412279490704867,
			"host_user":	0.0025692490085148108,
			"host_system":	0.038668697139826028,
			"remote_total":	0.039693248163394916,
			"remote_user":	0.01570373563270434,
			"remote_system":	0.023997058775588564
		},
		"sender_tcp_congestion":	"cubic",
		"receiver_tcp_congestion":	"cubic"
	}
}
