{
	"start":	{
		"connected":	[{
				"socket":	5,
				"local_host":	"10.206.0.11",
				"local_port":	32980,
				"remote_host":	"10.206.0.12",
				"remote_port":	5201
			}],
		"version":	"iperf 3.16",
		"system_info":	"Linux VM-0-11-ubuntu 6.8.0-71-generic #71-Ubuntu SMP PREEMPT_DYNAMIC Tue Jul 22 16:52:38 UTC 2025 x86_64",
		"timestamp":	{
			"time":	"Tue, 30 Dec 2025 12:38:18 GMT",
			"timesecs":	1767098298
		},
		"connecting_to":	{
			"host":	"10.206.0.12",
			"port":	5201
		},
		"cookie":	"cjzcijefalqsp4oqrun5uq3fynczjczgprkx",
		"tcp_mss_default":	1412,
		"target_bitrate":	0,
		"fq_rate":	0,
		"sock_bufsize":	0,
		"sndbuf_actual":	16384,
		"rcvbuf_actual":	131072,
		"test_start":	{
			"protocol":	"TCP",
			"num_streams":	1,
			"blksize":	131072,
			"omit":	0,
			"duration":	10,
			"bytes":	0,
			"blocks":	0,
			"reverse":	0,
			"tos":	0,
			"target_bitrate":	0,
			"bidir":	0,
			"fqrate":	0
		}
	},
	"intervals":	[{
			"streams":	[{
					"socket":	5,
					"start":	0,
					"end":	1.001041,
					"seconds":	1.001041054725647,
					"bytes":	27394048,
					"bits_per_second":	218924471.644235,
					"retransmits":	0,
					"snd_cwnd":	1269388,
					"snd_wnd":	2595456,
					"rtt":	48444,
					"rttvar":	902,
					"pmtu":	1500,
					"omitted":	false,
					"sender":	true
				}],
			"sum":	{
				"start":	0,
				"end":	1.001041,
				"seconds":	1.001041054725647,
				"bytes":	27394048,
				"bits_per_second":	218924471.644235,
				"retransmits":	0,
				"omitted":	false,
				"sender":	true
			}
		}, {
			"streams":	[{
					"socket":	5,
					"start":	1.001041,
					"end":	2.00103,
					"seconds":	0.99998897314071655,
					"bytes":	23068672,
					"bits_per_second":	184551411.0224399,
					"retransmits":	1147,
					"snd_cwnd":	280988,
					"snd_wnd":	4567168,
					"rtt":	21971,
					"rttvar":	6943,
					"pmtu":	1500,
					"omitted":	false,
					"sender":	true
				}],
			"sum":	{
				"start":	1.001041,
				"end":	2.00103,
				"seconds":	0.99998897314071655,
				"bytes":	23068672,
				"bits_per_second":	184551411.0224399,
				"retransmits":	1147,
				"omitted":	false,
				"sender":	true
			}
		}, {
			"streams":	[{
					"socket":	5,
					"start":	2.00103,
					"end":	3.001036,
					"seconds":	1.0000059604644775,
					"bytes":	24379392,
					"bits_per_second":	195033973.506929,
					"retransmits":	359,
					"snd_cwnd":	417952,
					"snd_wnd":	4880128,
					"rtt":	16313,
					"rttvar":	9,
					"pmtu":	1500,
					"omitted":	false,
					"sender":	true
				}],
			"sum":	{
				"start":	2.00103,
				"end":	3.001036,
				"seconds":	1.0000059604644775,
				"bytes":	24379392,
				"bits_per_second":	195033973.506929,
				"retransmits":	359,
				"omitted":	false,
				"sender":	true
			}
		}, {
			"streams":	[{
					"socket":	5,
					"start":	3.001036,
					"end":	4.001033,
					"seconds":	0.99999701976776123,
					"bytes":	24248320,
					"bits_per_second":	193987138.126723,
					"retransmits":	0,
					"snd_cwnd":	460312,
					"snd_wnd":	4880512,
					"rtt":	19027,
					"rttvar":	15,
					"pmtu":	1500,
					"omitted":	false,
					"sender":	true
				}],
			"sum":	{
				"start":	3.001036,
				"end":	4.001033,
				"seconds":	0.99999701976776123,
				"bytes":	24248320,
				"bits_per_second":	193987138.126723,
				"retransmits":	0,
				"omitted":	false,
				"sender":	true
			}
		}, {
			"streams":	[{
					"socket":	5,
					"start":	4.001033,
					"end":	5.00104,
					"seconds":	1.0000070333480835,
					"bytes":	24248320,
					"bits_per_second":	193985195.63459605,
					"retransmits":	0,
					"snd_cwnd":	497024,
					"snd_wnd":	4880128,
					"rtt":	19033,
					"rttvar":	8,
					"pmtu":	1500,
					"omitted":	false,
					"sender":	true
				}],
			"sum":	{
				"start":	4.001033,
				"end":	5.00104,
				"seconds":	1.0000070333480835,
				"bytes":	24248320,
				"bits_per_second":	193985195.63459605,
				"retransmits":	0,
				"omitted":	false,
				"sender":	true
			}
		}, {
			"streams":	[{
					"socket":	5,
					"start":	5.00104,
					"end":	6.001039,
					"seconds":	0.99999898672103882,
					"bytes":	22937600,
					"bits_per_second":	183500985.93768841,
					"retransmits":	0,
					"snd_cwnd":	532324,
					"snd_wnd":	4880896,
					"rtt":	21750,
					"rttvar":	5,
					"pmtu":	1500,
					"omitted":	false,
					"sender":	true
				}],
			"sum":	{
				"start":	5.00104,
				"end":	6.001039,
				"seconds":	0.99999898672103882,
				"bytes":	22937600,
				"bits_per_second":	183500985.93768841,
				"retransmits":	0,
				"omitted":	false,
				"sender":	true
			}
		}, {
			"streams":	[{
					"socket":	5,
					"start":	6.001039,
					"end":	7.001032,
					"seconds":	0.99999302625656128,
					"bytes":	24248320,
					"bits_per_second":	193987912.82193422,
					"retransmits":	0,
					"snd_cwnd":	564800,
					"snd_wnd":	4939776,
					"rtt":	21756,
					"rttvar":	8,
					"pmtu":	1500,
					"omitted":	false,
					"sender":	true
				}],
			"sum":	{
				"start":	6.001039,
				"end":	7.001032,
				"seconds":	0.99999302625656128,
				"bytes":	24248320,
				"bits_per_second":	193987912.82193422,
				"retransmits":	0,
				"omitted":	false,
				"sender":	true
			}
		}, {
			"streams":	[{
					"socket":	5,
					"start":	7.001032,
					"end":	8.00104,
					"seconds":	1.0000079870224,
					"bytes":	24248320,
					"bits_per_second":	193985010.63737479,
					"retransmits":	0,
					"snd_cwnd":	595864,
					"snd_wnd":	4880896,
					"rtt":	24468,
					"rttvar":	6,
					"pmtu":	1500,
					"omitted":	false,
					"sender":	true
				}],
			"sum":	{
				"start":	7.001032,
				"end":	8.00104,
				"seconds":	1.0000079870224,
				"bytes":	24248320,
				"bits_per_second":	193985010.63737479,
				"retransmits":	0,
				"omitted":	false,
				"sender":	true
			}
		}, {
			"streams":	[{
					"socket":	5,
					"start":	8.00104,
					"end":	9.001034,
					"seconds":	0.99999397993087769,
					"bytes":	24379392,
					"bits_per_second":	195036310.13206837,
					"retransmits":	0,
					"snd_cwnd":	625516,
					"snd_wnd":	4880512,
					"rtt":	24477,
					"rttvar":	10,
					"pmtu":	1500,
					"omitted":	false,
					"sender":	true
				}],
			"sum":	{
				"start":	8.00104,
				"end":	9.001034,
				"seconds":	0.99999397993087769,
				"bytes":	24379392,
				"bits_per_second":	195036310.13206837,
				"retransmits":	0,
				"omitted":	false,
				"sender":	true
			}
		}, {
			"streams":	[{
					"socket":	5,
					"start":	9.001034,
					"end":	10.00146,
					"seconds":	1.0004260540008545,
					"bytes":	22806528,
					"bits_per_second":	182374522.60499021,
					"retransmits":	0,
					"snd_cwnd":	653756,
					"snd_wnd":	4880512,
					"rtt":	27191,
					"rttvar":	4,
					"pmtu":	1500,
					"omitted":	false,
					"sender":	true
				}],
			"sum":	{
				"start":	9.001034,
				"end":	10.00146,
				"seconds":	1.0004260540008545,
				"bytes":	22806528,
				"bits_per_second":	182374522.60499021,
				"retransmits":	0,
				"omitted":	false,
				"sender":	true
			}
		}],
	"end":	{
		"streams":	[{
				"sender":	{
					"socket":	5,
					"start":	0,
					"end":	10.00146,
					"seconds":	10.00146,
					"bytes":	241958912,
					"bits_per_second":	193538872.924553,
					"retransmits":	1506,
					"max_snd_cwnd":	1269388,
					"max_snd_wnd":	4939776,
					"max_rtt":	48444,
					"min_rtt":	16313,
					"mean_rtt":	24443,
					"sender":	true
				},
				"receiver":	{
					"socket":	5,
					"start":	0,
					"end":	10.030823,
					"seconds":	10.00146,
					"bytes":	239468544,
					"bits_per_second":	190986158.56345984,
					"sender":	true
				}
			}],
		"sum_sent":	{
			"start":	0,
			"end":	10.00146,
			"seconds":	10.00146,
			"bytes":	241958912,
			"bits_per_second":	193538872.924553,
			"retransmits":	1506,
			"sender":	true
		},
		"sum_received":	{
			"start":	0,
			"end":	10.030823,
			"seconds":	10.030823,
			"bytes":	239468544,
			"bits_per_second":	190986158.56345984,
			"sender":	true
		},
		"cpu_utilization_percent":	{
			"host_total":	0.47710801265543379,
			"host_user":	0,
			"host_system":	0.47710801265543379,
			"remote_total":	0.83380936572546838,
			"remote_user":	0,