{
	"start":	{
		"connected":	[{
				"socket":	5,
				"local_host":	"10.206.0.11",
				"local_port":	56828,
				"remote_host":	"10.206.0.12",
				"remote_port":	5201
			}],
		"version":	"iperf 3.16",
		"system_info":	"Linux VM-0-11-ubuntu 6.8.0-71-generic #71-Ubuntu SMP PREEMPT_DYNAMIC Tue Jul 22 16:52:38 UTC 2025 x86_64",
		"timestamp":	{
			"time":	"Tue, 30 Dec 2025 12:37:53 GMT",
			"timesecs":	1767098273
		},
		"connecting_to":	{
			"host":	"10.206.0.12",
			"port":	5201
		},
		"cookie":	"cdhdzrnt7ssb3ibtsrs6kfd4emeos2mfl2dh",
		"tcp_mss_default":	1412,
		"target_bitrate":	0,
		"fq_rate":	0,
		"sock_bufsize":	0,
		"sndbuf_actual":	16384,
		"rcvbuf_actual":	131072,
		"test_start":	{
			"protocol":	"TCP",
			"num_streams":	1,
			"blksize":	131072,
			"omit":	0,
			"duration":	10,
			"bytes":	0,
			"blocks":	0,
			"reverse":	0,
			"tos":	0,
			"target_bitrate":	0,
			"bidir":	0,
			"fqrate":	0
		}
	},
	"intervals":	[{
			"streams":	[{
					"socket":	5,
					"start":	0,
					"end":	1.001043,
					"seconds":	1.00104296207428,
					"bytes":	7602176,
					"bits_per_second":	60754043.836419486,
					"retransmits":	0,
					"snd_cwnd":	336056,
					"snd_wnd":	1290240,
					"rtt":	45243,
					"rttvar":	3299,
					"pmtu":	1500,
					"omitted":	false,
					"sender":	true
				}],
			"sum":	{
				"start":	0,
				"end":	1.001043,
				"seconds":	1.00104296207428,
				"bytes":	7602176,
				"bits_per_second":	60754043.836419486,
				"retransmits":	0,
				"omitted":	false,
				"sender":	true
			}
		}, {
			"streams":	[{
					"socket":	5,
					"start":	1.001043,
					"end":	2.001032,
					"seconds":	0.99998897314071655,
					"bytes":	7077888,
					"bits_per_second":	56623728.38188497,
					"retransmits":	0,
					"snd_cwnd":	635400,
					"snd_wnd":	1292672,
					"rtt":	93329,
					"rttvar":	6218,
					"pmtu":	1500,
					"omitted":	false,
					"sender":	true
				}],
			"sum":	{
				"start":	1.001043,
				"end":	2.001032,
				"seconds":	0.99998897314071655,
				"bytes":	7077888,
				"bits_per_second":	56623728.38188497,
				"retransmits":	0,
				"omitted":	false,
				"sender":	true
			}
		}, {
			"streams":	[{
					"socket":	5,
					"start":	2.001032,
					"end":	3.001054,
					"seconds":	1.0000220537185669,
					"bytes":	7077888,
					"bits_per_second":	56621855.27753897,
					"retransmits":	0,
					"snd_cwnd":	933332,
					"snd_wnd":	1937664,
					"rtt":	139848,
					"rttvar":	2836,
					"pmtu":	1500,
					"omitted":	false,
					"sender":	true
				}],
			"sum":	{
				"start":	2.001032,
				"end":	3.001054,
				"seconds":	1.0000220537185669,
				"bytes":	7077888,
				"bits_per_second":	56621855.27753897,
				"retransmits":	0,
				"omitted":	false,
				"sender":	true
			}
		}, {
			"streams":	[{
					"socket":	5,
					"start":	3.001054,
					"end":	4.001039,
					"seconds":	0.9999849796295166,
					"bytes":	5636096,
					"bits_per_second":	45089445.2601727,
					"retransmits":	0,
					"snd_cwnd":	1232676,
					"snd_wnd":	2580736,
					"rtt":	186937,
					"rttvar":	5459,
					"pmtu":	1500,
					"omitted":	false,
					"sender":	true
				}],
			"sum":	{
				"start":	3.001054,
				"end":	4.001039,
				"seconds":	0.9999849796295166,
				"bytes":	5636096,
				"bits_per_second":	45089445.2601727,
				"retransmits":	0,
				"omitted":	false,
				"sender":	true
			}
		}, {
			"streams":	[{
					"socket":	5,
					"start":	4.001039,
					"end":	5.001041,
					"seconds":	1.0000020265579224,
					"bytes":	5767168,
					"bits_per_second":	46137250.500189483,
					"retransmits":	0,
					"snd_cwnd":	1532020,
					"snd_wnd":	3165568,
					"rtt":	236272,
					"rttvar":	4864,
					"pmtu":	1500,
					"omitted":	false,
					"sender":	true
				}],
			"sum":	{
				"start":	4.001039,
				"end":	5.001041,
				"seconds":	1.0000020265579224,
				"bytes":	5767168,
				"bits_per_second":	46137250.500189483,
				"retransmits":	0,
				"omitted":	false,
				"sender":	true
			}
		}, {
			"streams":	[{
					"socket":	5,
					"start":	5.001041,
					"end":	6.001044,
					"seconds":	1.0000029802322388,
					"bytes":	5767168,
					"bits_per_second":	46137206.500409782,
					"retransmits":	0,
					"snd_cwnd":	1829952,
					"snd_wnd":	3908224,
					"rtt":	281779,
					"rttvar":	1965,
					"pmtu":	1500,
					"omitted":	false,
					"sender":	true
				}],
			"sum":	{
				"start":	5.001041,
				"end":	6.001044,
				"seconds":	1.0000029802322388,
				"bytes":	5767168,
				"bits_per_second":	46137206.500409782,
				"retransmits":	0,
				"omitted":	false,
				"sender":	true
			}
		}, {
			"streams":	[{
					"socket":	5,
					"start":	6.001044,
					"end":	7.001043,
					"seconds":	0.99999898672103882,
					"bytes":	5636096,
					"bits_per_second":	45088813.6875463,
					"retransmits":	0,
					"snd_cwnd":	2129296,
					"snd_wnd":	4373632,
					"rtt":	331281,
					"rttvar":	6704,
					"pmtu":	1500,
					"omitted":	false,
					"sender":	true
				}],
			"sum":	{
				"start":	6.001044,
				"end":	7.001043,
				"seconds":	0.99999898672103882,
				"bytes":	5636096,
				"bits_per_second":	45088813.6875463,
				"retransmits":	0,
				"omitted":	false,
				"sender":	true
			}
		}, {
			"streams":	[{
					"socket":	5,
					"start":	7.001043,
					"end":	8.000481,
					"seconds":	0.999437987804413,
					"bytes":	5111808,
					"bits_per_second":	40917460.111595169,
					"retransmits":	380,
					"snd_cwnd":	1132424,
					"snd_wnd":	3967744,
					"rtt":	200446,
					"rttvar":	6347,
					"pmtu":	1500,
					"omitted":	false,
					"sender":	true
				}],
			"sum":	{
				"start":	7.001043,
				"end":	8.000481,
				"seconds":	0.999437987804413,
				"bytes":	5111808,
				"bits_per_second":	40917460.111595169,
				"retransmits":	380,
				"omitted":	false,
				"sender":	true
			}
		}, {
			"streams":	[{
					"socket":	5,
					"start":	8.000481,
					"end":	9.001061,
					"seconds":	1.0005799531936646,
					"bytes":	7208960,
					"bits_per_second":	57638252.51137878,
					"retransmits":	1144,
					"snd_cwnd":	282400,
					"snd_wnd":	4880896,
					"rtt":	44486,
					"rttvar":	1430,
					"pmtu":	1500,
					"omitted":	false,
					"sender":	true
				}],
			"sum":	{
				"start":	8.000481,
				"end":	9.001061,
				"seconds":	1.0005799531936646,
				"bytes":	7208960,
				"bits_per_second":	57638252.51137878,
				"retransmits":	1144,
				"omitted":	false,
				"sender":	true
			}
		}, {
			"streams":	[{
					"socket":	5,
					"start":	9.001061,
					"end":	10.001478,
					"seconds":	1.0004169940948486,
					"bytes":	5767168,
					"bits_per_second":	46118113.019205429,
					"retransmits":	0,
					"snd_cwnd":	303580,
					"snd_wnd":	4880512,
					"rtt":	45120,
					"rttvar":	2515,
					"pmtu":	1500,
					"omitted":	false,
					"sender":	true
				}],
			"sum":	{
				"start":	9.001061,
				"end":	10.001478,
				"seconds":	1.0004169940948486,
				"bytes":	5767168,
				"bits_per_second":	46118113.019205429,
				"retransmits":	0,
				"omitted":	false,
				"sender":	true
			}
		}],
	"end":	{
		"streams":	[{
				"sender":	{
					"socket":	5,
					"start":	0,
					"end":	10.001478,
					"seconds":	10.001478,
					"bytes":	62652416,
					"bits_per_second":	50114525.873075955,
					"retransmits":	1524,
					"max_snd_cwnd":	2129296,
					"max_snd_wnd":	4880896,
					"max_rtt":	331281,
					"min_rtt":	44486,
					"mean_rtt":	160474,
					"sender":	true
				},
				"receiver":	{
					"socket":	5,
					"start":	0,
					"end":	10.054555,
					"seconds":	10.001478,
					"bytes":	60030976,
					"bits_per_second":	47764203.189499684,
					"sender":	true
				}
			}],
		"sum_sent":	{
			"start":	0,
			"end":	10.001478,
			"seconds":	10.001478,
			"bytes":	62652416,
			"bits_per_second":	50114525.873075955,
			"retransmits":	1524,
			"sender":	true
		},
		"sum_received":	{
			"start":	0,
			"end":	10.054555,
			"seconds":	10.054555,
			"bytes":	60030976,
			"bits_per_second":	47764203.189499684,
			"sender":	true
		},
		"cpu_utilization_percent":	{
			"host_total":	0.15952185428411345,
			"host_user":	0.002019263978279917,
			"host_system":	0.15752258301848976,