{
	"start":	{
		"connected":	[{
				"socket":	5,
				"local_host":	"10.206.0.11",
				"local_port":	35394,
				"remote_host":	"10.206.0.12",
				"remote_port":	5000
			}],
		"version":	"iperf 3.16",
		"system_info":	"Linux VM-0-11-ubuntu 6.8.0-71-generic #71-Ubuntu SMP PREEMPT_DYNAMIC Tue Jul 22 16:52:38 UTC 2025 x86_64",
		"timestamp":	{
			"time":	"Tue, 30 Dec 2025 12:34:02 GMT",
			"timesecs":	1767098042
		},
		"connecting_to":	{
			"host":	"10.206.0.12",
			"port":	5000
		},
		"cookie":	"5kvldhnox2vwsk36jjd3bveg5rojalupyufw",
		"tcp_mss_default":	1412,
		"target_bitrate":	0,
		"fq_rate":	0,
		"sock_bufsize":	0,
		"sndbuf_actual":	16384,
		"rcvbuf_actual":	131072,
		"test_start":	{
			"protocol":	"TCP",
			"num_streams":	1,
			"blksize":	131072,
			"omit":	0,
			"duration":	10,
			"bytes":	0,
			"blocks":	0,
			"reverse":	0,
			"tos":	0,
			"target_bitrate":	0,
			"bidir":	0,
			"fqrate":	0
		}
	},
	"intervals":	[{
			"streams":	[{
					"socket":	5,
					"start":	0,
					"end":	1.00103,
					"seconds":	1.0010299682617188,
					"bytes":	4325376,
					"bits_per_second":	34567404.6702996,
					"retransmits":	0,
					"snd_cwnd":	1273624,
					"snd_wnd":	1569920,
					"rtt":	333953,
					"rttvar":	160432,
					"pmtu":	1500,
					"omitted":	false,
					"sender":	true
				}],
			"sum":	{
				"start":	0,
				"end":	1.00103,
				"seconds":	1.0010299682617188,
				"bytes":	4325376,
				"bits_per_second":	34567404.6702996,
				"retransmits":	0,
				"omitted":	false,
				"sender":	true
			}
		}, {
			"streams":	[{
					"socket":	5,
					"start":	1.00103,
					"end":	2.001041,
					"seconds":	1.0000109672546387,
					"bytes":	1441792,
					"bits_per_second":	11534209.501387343,
					"retransmits":	0,
					"snd_cwnd":	1393644,
					"snd_wnd":	2280064,
					"rtt":	803352,
					"rttvar":	211431,
					"pmtu":	1500,
					"omitted":	false,
					"sender":	true
				}],
			"sum":	{
				"start":	1.00103,
				"end":	2.001041,
				"seconds":	1.0000109672546387,
				"bytes":	1441792,
				"bits_per_second":	11534209.501387343,
				"retransmits":	0,
				"omitted":	false,
				"sender":	true
			}
		}, {
			"streams":	[{
					"socket":	5,
					"start":	2.001041,
					"end":	3.00103,
					"seconds":	0.99998897314071655,
					"bytes":	1441792,
					"bits_per_second":	11534463.188902494,
					"retransmits":	0,
					"snd_cwnd":	1451536,
					"snd_wnd":	3127168,
					"rtt":	1093711,
					"rttvar":	80201,
					"pmtu":	1500,
					"omitted":	false,
					"sender":	true
				}],
			"sum":	{
				"start":	2.001041,
				"end":	3.00103,
				"seconds":	0.99998897314071655,
				"bytes":	1441792,
				"bits_per_second":	11534463.188902494,
				"retransmits":	0,
				"omitted":	false,
				"sender":	true
			}
		}, {
			"streams":	[{
					"socket":	5,
					"start":	3.00103,
					"end":	4.001026,
					"seconds":	0.9999960064888,
					"bytes":	1441792,
					"bits_per_second":	11534382.062683951,
					"retransmits":	0,
					"snd_cwnd":	1513664,
					"snd_wnd":	4880512,
					"rtt":	1165025,
					"rttvar":	37633,
					"pmtu":	1500,
					"omitted":	false,
					"sender":	true
				}],
			"sum":	{
				"start":	3.00103,
				"end":	4.001026,
				"seconds":	0.9999960064888,
				"bytes":	1441792,
				"bits_per_second":	11534382.062683951,
				"retransmits":	0,
				"omitted":	false,
				"sender":	true
			}
		}, {
			"streams":	[{
					"socket":	5,
					"start":	4.001026,
					"end":	5.001022,
					"seconds":	0.9999960064888,
					"bytes":	1441792,
					"bits_per_second":	11534382.062683951,
					"retransmits":	0,
					"snd_cwnd":	1571556,
					"snd_wnd":	4880512,
					"rtt":	1206627,
					"rttvar":	27679,
					"pmtu":	1500,
					"omitted":	false,
					"sender":	true
				}],
			"sum":	{
				"start":	4.001026,
				"end":	5.001022,
				"seconds":	0.9999960064888,
				"bytes":	1441792,
				"bits_per_second":	11534382.062683951,
				"retransmits":	0,
				"omitted":	false,
				"sender":	true
			}
		}, {
			"streams":	[{
					"socket":	5,
					"start":	5.001022,
					"end":	6.001036,
					"seconds":	1.0000139474868774,
					"bytes":	0,
					"bits_per_second":	0,
					"retransmits":	0,
					"snd_cwnd":	1630860,
					"snd_wnd":	4880512,
					"rtt":	1247046,
					"rttvar":	7651,
					"pmtu":	1500,
					"omitted":	false,
					"sender":	true
				}],
			"sum":	{
				"start":	5.001022,
				"end":	6.001036,
				"seconds":	1.0000139474868774,
				"bytes":	0,
				"bits_per_second":	0,
				"retransmits":	0,
				"omitted":	false,
				"sender":	true
			}
		}, {
			"streams":	[{
					"socket":	5,
					"start":	6.001036,
					"end":	7.001034,
					"seconds":	0.99999797344207764,
					"bytes":	1441792,
					"bits_per_second":	11534359.375047371,
					"retransmits":	0,
					"snd_cwnd":	1691576,
					"snd_wnd":	4880512,
					"rtt":	1300276,
					"rttvar":	9864,
					"pmtu":	1500,
					"omitted":	false,
					"sender":	true
				}],
			"sum":	{
				"start":	6.001036,
				"end":	7.001034,
				"seconds":	0.99999797344207764,
				"bytes":	1441792,
				"bits_per_second":	11534359.375047371,
				"retransmits":	0,
				"omitted":	false,
				"sender":	true
			}
		}, {
			"streams":	[{
					"socket":	5,
					"start":	7.001034,
					"end":	8.001036,
					"seconds":	1.0000020265579224,
					"bytes":	1441792,
					"bits_per_second":	11534312.625047371,
					"retransmits":	0,
					"snd_cwnd":	1750880,
					"snd_wnd":	4880512,
					"rtt":	1352098,
					"rttvar":	14192,
					"pmtu":	1500,
					"omitted":	false,
					"sender":	true
				}],
			"sum":	{
				"start":	7.001034,
				"end":	8.001036,
				"seconds":	1.0000020265579224,
				"bytes":	1441792,
				"bits_per_second":	11534312.625047371,
				"retransmits":	0,
				"omitted":	false,
				"sender":	true
			}
		}, {
			"streams":	[{
					"socket":	5,
					"start":	8.001036,
					"end":	9.00103,
					"seconds":	0.99999397993087769,
					"bytes":	1441792,
					"bits_per_second":	11534405.43791802,
					"retransmits":	0,
					"snd_cwnd":	1811596,
					"snd_wnd":	4881408,
					"rtt":	1404108,
					"rttvar":	17820,
					"pmtu":	1500,
					"omitted":	false,
					"sender":	true
				}],
			"sum":	{
				"start":	8.001036,
				"end":	9.00103,
				"seconds":	0.99999397993087769,
				"bytes":	1441792,
				"bits_per_second":	11534405.43791802,
				"retransmits":	0,
				"omitted":	false,
				"sender":	true
			}
		}, {
			"streams":	[{
					"socket":	5,
					"start":	9.00103,
					"end":	10.001475,
					"seconds":	1.0004450082778931,
					"bytes":	1441792,
					"bits_per_second":	11529205.408155842,
					"retransmits":	0,
					"snd_cwnd":	1870900,
					"snd_wnd":	4880512,
					"rtt":	1453430,
					"rttvar":	24337,
					"pmtu":	1500,
					"omitted":	false,
					"sender":	true
				}],
			"sum":	{
				"start":	9.00103,
				"end":	10.001475,
				"seconds":	1.0004450082778931,
				"bytes":	1441792,
				"bits_per_second":	11529205.408155842,
				"retransmits":	0,
				"omitted":	false,
				"sender":	true
			}
		}],
	"end":	{
		"streams":	[{
				"sender":	{
					"socket":	5,
					"start":	0,
					"end":	10.001475,
					"seconds":	10.001475,
					"bytes":	15859712,
					"bits_per_second":	12685898.429981578,
					"retransmits":	0,
					"max_snd_cwnd":	1870900,
					"max_snd_wnd":	4881408,
					"max_rtt":	1453430,
					"min_rtt":	333953,
					"mean_rtt":	1135962,
					"sender":	true
				},
				"receiver":	{
					"socket":	5,
					"start":	0,
					"end":	11.594791,
					"seconds":	10.001475,
					"bytes":	13762560,
					"bits_per_second":	9495684.7432610039,
					"sender":	true
				}
			}],
		"sum_sent":	{
			"start":	0,
			"end":	10.001475,
			"seconds":	10.001475,
			"bytes":	15859712,
			"bits_per_second":	12685898.429981578,
			"retransmits":	0,
			"sender":	true
		},
		"sum_received":	{
			"start":	0,
			"end":	11.594791,
			"seconds":	11.594791,
			"bytes":	13762560,
			"bits_per_second":	9495684.7432610039,
			"sender":	true
		},
		"cpu_utilization_percent":	{
			"host_total":	0.055373498697388182,
			"host_user":	0.015495382376051936,
			"host_system":	0.0398981103631118,
			"remote_total":	0.064968790314415145,