{
	"start":	{
		"connected":	[{
				"socket":	5,
				"local_host":	"10.206.0.11",
				"local_port":	53016,
				"remote_host":	"10.206.0.12",
				"remote_port":	5201
			}],
		"version":	"iperf 3.16",
		"system_info":	"Linux VM-0-11-ubuntu 6.8.0-71-generic #71-Ubuntu SMP PREEMPT_DYNAMIC Tue Jul 22 16:52:38 UTC 2025 x86_64",
		"timestamp":	{
			"time":	"Tue, 30 Dec 2025 12:37:34 GMT",
			"timesecs":	1767098254
		},
		"connecting_to":	{
			"host":	"10.206.0.12",
			"port":	5201
		},
		"cookie":	"i5im7sqrxodl7ch55vd54nurbtsbetv7khgz",
		"tcp_mss_default":	1412,
		"target_bitrate":	0,
		"fq_rate":	0,
		"sock_bufsize":	0,
		"sndbuf_actual":	16384,
		"rcvbuf_actual":	131072,
		"test_start":	{
			"protocol":	"TCP",
			"num_streams":	1,
			"blksize":	131072,
			"omit":	0,
			"duration":	10,
			"bytes":	0,
			"blocks":	0,
			"reverse":	0,
			"tos":	0,
			"target_bitrate":	0,
			"bidir":	0,
			"fqrate":	0
		}
	},
	"intervals":	[{
			"streams":	[{
					"socket":	5,
					"start":	0,
					"end":	1.001032,
					"seconds":	1.0010319948196411,
					"bytes":	4325376,
					"bits_per_second":	34567334.689671457,
					"retransmits":	0,
					"snd_cwnd":	1203024,
					"snd_wnd":	1750016,
					"rtt":	325102,
					"rttvar":	168552,
					"pmtu":	1500,
					"omitted":	false,
					"sender":	true
				}],
			"sum":	{
				"start":	0,
				"end":	1.001032,
				"seconds":	1.0010319948196411,
				"bytes":	4325376,
				"bits_per_second":	34567334.689671457,
				"retransmits":	0,
				"omitted":	false,
				"sender":	true
			}
		}, {
			"streams":	[{
					"socket":	5,
					"start":	1.001032,
					"end":	2.001033,
					"seconds":	1.0000009536743164,
					"bytes":	1441792,
					"bits_per_second":	11534325.00001049,
					"retransmits":	0,
					"snd_cwnd":	1260916,
					"snd_wnd":	2328576,
					"rtt":	802539,
					"rttvar":	212973,
					"pmtu":	1500,
					"omitted":	false,
					"sender":	true
				}],
			"sum":	{
				"start":	1.001032,
				"end":	2.001033,
				"seconds":	1.0000009536743164,
				"bytes":	1441792,
				"bits_per_second":	11534325.00001049,
				"retransmits":	0,
				"omitted":	false,
				"sender":	true
			}
		}, {
			"streams":	[{
					"socket":	5,
					"start":	2.001033,
					"end":	3.001028,
					"seconds":	0.999994993209839,
					"bytes":	1441792,
					"bits_per_second":	11534393.750289144,
					"retransmits":	0,
					"snd_cwnd":	1320220,
					"snd_wnd":	3368576,
					"rtt":	998856,
					"rttvar":	57638,
					"pmtu":	1500,
					"omitted":	false,
					"sender":	true
				}],
			"sum":	{
				"start":	2.001033,
				"end":	3.001028,
				"seconds":	0.999994993209839,
				"bytes":	1441792,
				"bits_per_second":	11534393.750289144,
				"retransmits":	0,
				"omitted":	false,
				"sender":	true
			}
		}, {
			"streams":	[{
					"socket":	5,
					"start":	3.001028,
					"end":	4.001032,
					"seconds":	1.0000040531158447,
					"bytes":	1441792,
					"bits_per_second":	11534289.250189483,
					"retransmits":	0,
					"snd_cwnd":	1380936,
					"snd_wnd":	4613504,
					"rtt":	1060712,
					"rttvar":	34881,
					"pmtu":	1500,
					"omitted":	false,
					"sender":	true
				}],
			"sum":	{
				"start":	3.001028,
				"end":	4.001032,
				"seconds":	1.0000040531158447,
				"bytes":	1441792,
				"bits_per_second":	11534289.250189483,
				"retransmits":	0,
				"omitted":	false,
				"sender":	true
			}
		}, {
			"streams":	[{
					"socket":	5,
					"start":	4.001032,
					"end":	5.001035,
					"seconds":	1.0000029802322388,
					"bytes":	1310720,
					"bits_per_second":	10485728.750093132,
					"retransmits":	0,
					"snd_cwnd":	1440240,
					"snd_wnd":	4613504,
					"rtt":	1103342,
					"rttvar":	31769,
					"pmtu":	1500,
					"omitted":	false,
					"sender":	true
				}],
			"sum":	{
				"start":	4.001032,
				"end":	5.001035,
				"seconds":	1.0000029802322388,
				"bytes":	1310720,
				"bits_per_second":	10485728.750093132,
				"retransmits":	0,
				"omitted":	false,
				"sender":	true
			}
		}, {
			"streams":	[{
					"socket":	5,
					"start":	5.001035,
					"end":	6.001032,
					"seconds":	0.99999701976776123,
					"bytes":	0,
					"bits_per_second":	0,
					"retransmits":	0,
					"snd_cwnd":	1500956,
					"snd_wnd":	4614272,
					"rtt":	1146009,
					"rttvar":	19585,
					"pmtu":	1500,
					"omitted":	false,
					"sender":	true
				}],
			"sum":	{
				"start":	5.001035,
				"end":	6.001032,
				"seconds":	0.99999701976776123,
				"bytes":	0,
				"bits_per_second":	0,
				"retransmits":	0,
				"omitted":	false,
				"sender":	true
			}
		}, {
			"streams":	[{
					"socket":	5,
					"start":	6.001032,
					"end":	7.001032,
					"seconds":	1,
					"bytes":	1441792,
					"bits_per_second":	11534336,
					"retransmits":	0,
					"snd_cwnd":	1560260,
					"snd_wnd":	4613504,
					"rtt":	1192087,
					"rttvar":	8664,
					"pmtu":	1500,
					"omitted":	false,
					"sender":	true
				}],
			"sum":	{
				"start":	6.001032,
				"end":	7.001032,
				"seconds":	1,
				"bytes":	1441792,
				"bits_per_second":	11534336,
				"retransmits":	0,
				"omitted":	false,
				"sender":	true
			}
		}, {
			"streams":	[{
					"socket":	5,
					"start":	7.001032,
					"end":	8.000266,
					"seconds":	0.99923402070999146,
					"bytes":	1441792,
					"bits_per_second":	11543177.835162621,
					"retransmits":	0,
					"snd_cwnd":	1618152,
					"snd_wnd":	4613504,
					"rtt":	1244187,
					"rttvar":	12571,
					"pmtu":	1500,
					"omitted":	false,
					"sender":	true
				}],
			"sum":	{
				"start":	7.001032,
				"end":	8.000266,
				"seconds":	0.99923402070999146,
				"bytes":	1441792,
				"bits_per_second":	11543177.835162621,
				"retransmits":	0,
				"omitted":	false,
				"sender":	true
			}
		}, {
			"streams":	[{
					"socket":	5,
					"start":	8.000266,
					"end":	9.001032,
					"seconds":	1.0007660388946533,
					"bytes":	1441792,
					"bits_per_second":	11525507.013347177,
					"retransmits":	0,
					"snd_cwnd":	1680280,
					"snd_wnd":	4613120,
					"rtt":	1296514,
					"rttvar":	15942,
					"pmtu":	1500,
					"omitted":	false,
					"sender":	true
				}],
			"sum":	{
				"start":	8.000266,
				"end":	9.001032,
				"seconds":	1.0007660388946533,
				"bytes":	1441792,
				"bits_per_second":	11525507.013347177,
				"retransmits":	0,
				"omitted":	false,
				"sender":	true
			}
		}, {
			"streams":	[{
					"socket":	5,
					"start":	9.001032,
					"end":	10.001459,
					"seconds":	1.0004270076751709,
					"bytes":	1441792,
					"bits_per_second":	11529412.852221888,
					"retransmits":	0,
					"snd_cwnd":	1738172,
					"snd_wnd":	4613504,
					"rtt":	1346596,
					"rttvar":	22070,
					"pmtu":	1500,
					"omitted":	false,
					"sender":	true
				}],
			"sum":	{
				"start":	9.001032,
				"end":	10.001459,
				"seconds":	1.0004270076751709,
				"bytes":	1441792,
				"bits_per_second":	11529412.852221888,
				"retransmits":	0,
				"omitted":	false,
				"sender":	true
			}
		}],
	"end":	{
		"streams":	[{
				"sender":	{
					"socket":	5,
					"start":	0,
					"end":	10.001459,
					"seconds":	10.001459,
					"bytes":	15728640,
					"bits_per_second":	12581076.420950182,
					"retransmits":	0,
					"max_snd_cwnd":	1738172,
					"max_snd_wnd":	4614272,
					"max_rtt":	1346596,
					"min_rtt":	325102,
					"mean_rtt":	1051594,
					"sender":	true
				},
				"receiver":	{
					"socket":	5,
					"start":	0,
					"end":	11.477413,
					"seconds":	10.001459,
					"bytes":	13631488,
					"bits_per_second":	9501435.90720313,
					"sender":	true
				}
			}],
		"sum_sent":	{
			"start":	0,
			"end":	10.001459,
			"seconds":	10.001459,
			"bytes":	15728640,
			"bits_per_second":	12581076.420950182,
			"retransmits":	0,
			"sender":	true
		},
		"sum_received":	{
			"start":	0,
			"end":	11.477413,
			"seconds":	11.477413,
			"bytes":	13631488,
			"bits_per_second":	9501435.90720313,
			"sender":	true
		},
		"cpu_utilization_percent":	{
			"host_total":	0.054524231592223527,
			"host_user":	0,
			"host_system":	0.054534228701059659,
			"remote_total":	0.077499982138846166,
			"remote_user":	0,